{
  "type": "FeatureCollection",
  "name": "random_points_1000_olomoucky_kraj_5514",
  "crs": {
    "type": "name",
    "properties": {
      "name": "EPSG:5514"
    }
  },
  "features": [
    {
      "type": "Feature",
      "geometry": {
        "type": "Point",
        "coordinates": [
          -546053.4838096985,
          -1047850.5553883928
        ]
      },
      "properties": {
        "id": 1,
        "dataset_size": 1000,
        "x": -546053.4838096985,
        "y": -1047850.5553883928
      }
    },
    {
      "type": "Feature",
      "geometry": {
        "type": "Point",
        "coordinates": [
          -526742.1575165807,
          -1114187.1871688156
        ]
      },
      "properties": {
        "id": 2,
        "dataset_size": 1000,
        "x": -526742.1575165807,
        "y": -1114187.1871688156
      }
    },
    {
      "type": "Feature",
      "geometry": {
        "type": "Point",
        "coordinates": [
          -546209.9151005613,
          -1064227.8559825385
        ]
      },
      "properties": {
        "id": 3,
        "dataset_size": 1000,
        "x": -546209.9151005613,
        "y": -1064227.8559825385
      }
    },
    {
      "type": "Feature",
      "geometry": {
        "type": "Point",
        "coordinates": [
          -556649.8663211999,
          -1086597.0242180722
        ]
      },
      "properties": {
        "id": 4,
        "dataset_size": 1000,
        "x": -556649.8663211999,
        "y": -1086597.0242180722
      }
    },
    {
      "type": "Feature",
      "geometry": {
        "type": "Point",
        "coordinates": [
          -559460.0788896618,
          -1066363.670425582
        ]
      },
      "properties": {
        "id": 5,
        "dataset_size": 1000,
        "x": -559460.0788896618,
        "y": -1066363.670425582
      }
    },
    {
      "type": "Feature",
      "geometry": {
        "type": "Point",
        "coordinates": [
          -554955.1708050683,
          -1108375.4841029018
        ]
      },
      "properties": {
        "id": 6,
        "dataset_size": 1000,
        "x": -554955.1708050683,
        "y": -1108375.4841029018
      }
    },
    {
      "type": "Feature",
      "geometry": {
        "type": "Point",
        "coordinates": [
          -546295.6782007763,
          -1069773.7943569722
        ]
      },
      "properties": {
        "id": 7,
        "dataset_size": 1000,
        "x": -546295.6782007763,
        "y": -1069773.7943569722
      }
    },
    {
      "type": "Feature",
      "geometry": {
        "type": "Point",
        "coordinates": [
          -540631.233015338,
          -1050798.0867077473
        ]
      },
      "properties": {
        "id": 8,
        "dataset_size": 1000,
        "x": -540631.233015338,
        "y": -1050798.0867077473
      }
    },
    {
      "type": "Feature",
      "geometry": {
        "type": "Point",
        "coordinates": [
          -549235.5329672787,
          -1052147.361360935
        ]
      },
      "properties": {
        "id": 9,
        "dataset_size": 1000,
        "x": -549235.5329672787,
        "y": -1052147.361360935
      }
    },
    {
      "type": "Feature",
      "geometry": {
        "type": "Point",
        "coordinates": [
          -546653.8557307455,
          -1053817.6016088326
        ]
      },
      "properties": {
        "id": 10,
        "dataset_size": 1000,
        "x": -546653.8557307455,
        "y": -1053817.6016088326
      }
    },
    {
      "type": "Feature",
      "geometry": {
        "type": "Point",
        "coordinates": [
          -575949.8618761187,
          -1095771.9895318383
        ]
      },
      "properties": {
        "id": 11,
        "dataset_size": 1000,
        "x": -575949.8618761187,
        "y": -1095771.9895318383
      }
    },
    {
      "type": "Feature",
      "geometry": {
        "type": "Point",
        "coordinates": [
          -563274.493269893,
          -1120028.7463879157
        ]
      },
      "properties": {
        "id": 12,
        "dataset_size": 1000,
        "x": -563274.493269893,
        "y": -1120028.7463879157
      }
    },
    {
      "type": "Feature",
      "geometry": {
        "type": "Point",
        "coordinates": [
          -512985.24236045545,
          -1136882.6138259093
        ]
      },
      "properties": {
        "id": 13,
        "dataset_size": 1000,
        "x": -512985.24236045545,
        "y": -1136882.6138259093
      }
    },
    {
      "type": "Feature",
      "geometry": {
        "type": "Point",
        "coordinates": [
          -547859.5341979258,
          -1124352.075236905
        ]
      },
      "properties": {
        "id": 14,
        "dataset_size": 1000,
        "x": -547859.5341979258,
        "y": -1124352.075236905
      }
    },
    {
      "type": "Feature",
      "geometry": {
        "type": "Point",
        "coordinates": [
          -541440.754556003,
          -1044467.8032371061
        ]
      },
      "properties": {
        "id": 15,
        "dataset_size": 1000,
        "x": -541440.754556003,
        "y": -1044467.8032371061
      }
    },
    {
      "type": "Feature",
      "geometry": {
        "type": "Point",
        "coordinates": [
          -565561.6409219591,
          -1072857.7563375584
        ]
      },
      "properties": {
        "id": 16,
        "dataset_size": 1000,
        "x": -565561.6409219591,
        "y": -1072857.7563375584
      }
    },
    {
      "type": "Feature",
      "geometry": {
        "type": "Point",
        "coordinates": [
          -573334.3538868515,
          -1110102.518843429
        ]
      },
      "properties": {
        "id": 17,
        "dataset_size": 1000,
        "x": -573334.3538868515,
        "y": -1110102.518843429
      }
    },
    {
      "type": "Feature",
      "geometry": {
        "type": "Point",
        "coordinates": [
          -521788.6828389594,
          -1129837.7964526308
        ]
      },
      "properties": {
        "id": 18,
        "dataset_size": 1000,
        "x": -521788.6828389594,
        "y": -1129837.7964526308
      }
    },
    {
      "type": "Feature",
      "geometry": {
        "type": "Point",
        "coordinates": [
          -553742.4557745641,
          -1047249.912149539
        ]
      },
      "properties": {
        "id": 19,
        "dataset_size": 1000,
        "x": -553742.4557745641,
        "y": -1047249.912149539
      }
    },
    {
      "type": "Feature",
      "geometry": {
        "type": "Point",
        "coordinates": [
          -568452.5852629987,
          -1101180.4318236792
        ]
      },
      "properties": {
        "id": 20,
        "dataset_size": 1000,
        "x": -568452.5852629987,
        "y": -1101180.4318236792
      }
    },
    {
      "type": "Feature",
      "geometry": {
        "type": "Point",
        "coordinates": [
          -539277.8834509611,
          -1129132.0374634746
        ]
      },
      "properties": {
        "id": 21,
        "dataset_size": 1000,
        "x": -539277.8834509611,
        "y": -1129132.0374634746
      }
    },
    {
      "type": "Feature",
      "geometry": {
        "type": "Point",
        "coordinates": [
          -517786.4316766702,
          -1134672.3950051188
        ]
      },
      "properties": {
        "id": 22,
        "dataset_size": 1000,
        "x": -517786.4316766702,
        "y": -1134672.3950051188
      }
    },
    {
      "type": "Feature",
      "geometry": {
        "type": "Point",
        "coordinates": [
          -504272.0808909967,
          -1131657.1394352922
        ]
      },
      "properties": {
        "id": 23,
        "dataset_size": 1000,
        "x": -504272.0808909967,
        "y": -1131657.1394352922
      }
    },
    {
      "type": "Feature",
      "geometry": {
        "type": "Point",
        "coordinates": [
          -551012.7097976352,
          -1032311.5449042817
        ]
      },
      "properties": {
        "id": 24,
        "dataset_size": 1000,
        "x": -551012.7097976352,
        "y": -1032311.5449042817
      }
    },
    {
      "type": "Feature",
      "geometry": {
        "type": "Point",
        "coordinates": [
          -580148.4685542806,
          -1129982.3521990825
        ]
      },
      "properties": {
        "id": 25,
        "dataset_size": 1000,
        "x": -580148.4685542806,
        "y": -1129982.3521990825
      }
    },
    {
      "type": "Feature",
      "geometry": {
        "type": "Point",
        "coordinates": [
          -562187.7465754339,
          -1118627.1215188212
        ]
      },
      "properties": {
        "id": 26,
        "dataset_size": 1000,
        "x": -562187.7465754339,
        "y": -1118627.1215188212
      }
    },
    {
      "type": "Feature",
      "geometry": {
        "type": "Point",
        "coordinates": [
          -557422.3199801978,
          -1034236.6603241384
        ]
      },
      "properties": {
        "id": 27,
        "dataset_size": 1000,
        "x": -557422.3199801978,
        "y": -1034236.6603241384
      }
    },
    {
      "type": "Feature",
      "geometry": {
        "type": "Point",
        "coordinates": [
          -531671.2526699356,
          -1096122.7994626767
        ]
      },
      "properties": {
        "id": 28,
        "dataset_size": 1000,
        "x": -531671.2526699356,
        "y": -1096122.7994626767
      }
    },
    {
      "type": "Feature",
      "geometry": {
        "type": "Point",
        "coordinates": [
          -569776.0120479862,
          -1128836.5606509575
        ]
      },
      "properties": {
        "id": 29,
        "dataset_size": 1000,
        "x": -569776.0120479862,
        "y": -1128836.5606509575
      }
    },
    {
      "type": "Feature",
      "geometry": {
        "type": "Point",
        "coordinates": [
          -539690.2765241463,
          -1056916.0876979134
        ]
      },
      "properties": {
        "id": 30,
        "dataset_size": 1000,
        "x": -539690.2765241463,
        "y": -1056916.0876979134
      }
    },
    {
      "type": "Feature",
      "geometry": {
        "type": "Point",
        "coordinates": [
          -574207.4975220717,
          -1129102.0395776688
        ]
      },
      "properties": {
        "id": 31,
        "dataset_size": 1000,
        "x": -574207.4975220717,
        "y": -1129102.0395776688
      }
    },
    {
      "type": "Feature",
      "geometry": {
        "type": "Point",
        "coordinates": [
          -554965.0697759226,
          -1045988.1905563537
        ]
      },
      "properties": {
        "id": 32,
        "dataset_size": 1000,
        "x": -554965.0697759226,
        "y": -1045988.1905563537
      }
    },
    {
      "type": "Feature",
      "geometry": {
        "type": "Point",
        "coordinates": [
          -564203.1280479081,
          -1055030.6792524396
        ]
      },
      "properties": {
        "id": 33,
        "dataset_size": 1000,
        "x": -564203.1280479081,
        "y": -1055030.6792524396
      }
    },
    {
      "type": "Feature",
      "geometry": {
        "type": "Point",
        "coordinates": [
          -519135.2918963892,
          -1122436.4408446774
        ]
      },
      "properties": {
        "id": 34,
        "dataset_size": 1000,
        "x": -519135.2918963892,
        "y": -1122436.4408446774
      }
    },
    {
      "type": "Feature",
      "geometry": {
        "type": "Point",
        "coordinates": [
          -522161.6726810731,
          -1141102.711997819
        ]
      },
      "properties": {
        "id": 35,
        "dataset_size": 1000,
        "x": -522161.6726810731,
        "y": -1141102.711997819
      }
    },
    {
      "type": "Feature",
      "geometry": {
        "type": "Point",
        "coordinates": [
          -560830.4330054377,
          -1132035.8932243194
        ]
      },
      "properties": {
        "id": 36,
        "dataset_size": 1000,
        "x": -560830.4330054377,
        "y": -1132035.8932243194
      }
    },
    {
      "type": "Feature",
      "geometry": {
        "type": "Point",
        "coordinates": [
          -546198.7974408548,
          -1113053.891630001
        ]
      },
      "properties": {
        "id": 37,
        "dataset_size": 1000,
        "x": -546198.7974408548,
        "y": -1113053.891630001
      }
    },
    {
      "type": "Feature",
      "geometry": {
        "type": "Point",
        "coordinates": [
          -552710.8342936361,
          -1144602.3452252524
        ]
      },
      "properties": {
        "id": 38,
        "dataset_size": 1000,
        "x": -552710.8342936361,
        "y": -1144602.3452252524
      }
    },
    {
      "type": "Feature",
      "geometry": {
        "type": "Point",
        "coordinates": [
          -512177.9062150454,
          -1116954.0414627118
        ]
      },
      "properties": {
        "id": 39,
        "dataset_size": 1000,
        "x": -512177.9062150454,
        "y": -1116954.0414627118
      }
    },
    {
      "type": "Feature",
      "geometry": {
        "type": "Point",
        "coordinates": [
          -534782.7404246107,
          -1115389.315919214
        ]
      },
      "properties": {
        "id": 40,
        "dataset_size": 1000,
        "x": -534782.7404246107,
        "y": -1115389.315919214
      }
    },
    {
      "type": "Feature",
      "geometry": {
        "type": "Point",
        "coordinates": [
          -572181.0138033185,
          -1107986.1182114934
        ]
      },
      "properties": {
        "id": 41,
        "dataset_size": 1000,
        "x": -572181.0138033185,
        "y": -1107986.1182114934
      }
    },
    {
      "type": "Feature",
      "geometry": {
        "type": "Point",
        "coordinates": [
          -570611.9269715593,
          -1096631.5395130513
        ]
      },
      "properties": {
        "id": 42,
        "dataset_size": 1000,
        "x": -570611.9269715593,
        "y": -1096631.5395130513
      }
    },
    {
      "type": "Feature",
      "geometry": {
        "type": "Point",
        "coordinates": [
          -521710.854909724,
          -1113856.3693785155
        ]
      },
      "properties": {
        "id": 43,
        "dataset_size": 1000,
        "x": -521710.854909724,
        "y": -1113856.3693785155
      }
    },
    {
      "type": "Feature",
      "geometry": {
        "type": "Point",
        "coordinates": [
          -550101.1174987337,
          -1145838.583325711
        ]
      },
      "properties": {
        "id": 44,
        "dataset_size": 1000,
        "x": -550101.1174987337,
        "y": -1145838.583325711
      }
    },
    {
      "type": "Feature",
      "geometry": {
        "type": "Point",
        "coordinates": [
          -536971.0043446738,
          -1053948.652121554
        ]
      },
      "properties": {
        "id": 45,
        "dataset_size": 1000,
        "x": -536971.0043446738,
        "y": -1053948.652121554
      }
    },
    {
      "type": "Feature",
      "geometry": {
        "type": "Point",
        "coordinates": [
          -518063.86012149486,
          -1109932.6486592179
        ]
      },
      "properties": {
        "id": 46,
        "dataset_size": 1000,
        "x": -518063.86012149486,
        "y": -1109932.6486592179
      }
    },
    {
      "type": "Feature",
      "geometry": {
        "type": "Point",
        "coordinates": [
          -538234.645212963,
          -1041564.3678126888
        ]
      },
      "properties": {
        "id": 47,
        "dataset_size": 1000,
        "x": -538234.645212963,
        "y": -1041564.3678126888
      }
    },
    {
      "type": "Feature",
      "geometry": {
        "type": "Point",
        "coordinates": [
          -547934.6672229093,
          -1052389.5079922737
        ]
      },
      "properties": {
        "id": 48,
        "dataset_size": 1000,
        "x": -547934.6672229093,
        "y": -1052389.5079922737
      }
    },
    {
      "type": "Feature",
      "geometry": {
        "type": "Point",
        "coordinates": [
          -571801.1341504495,
          -1105476.5983536094
        ]
      },
      "properties": {
        "id": 49,
        "dataset_size": 1000,
        "x": -571801.1341504495,
        "y": -1105476.5983536094
      }
    },
    {
      "type": "Feature",
      "geometry": {
        "type": "Point",
        "coordinates": [
          -557817.0491056188,
          -1148587.6062999663
        ]
      },
      "properties": {
        "id": 50,
        "dataset_size": 1000,
        "x": -557817.0491056188,
        "y": -1148587.6062999663
      }
    },
    {
      "type": "Feature",
      "geometry": {
        "type": "Point",
        "coordinates": [
          -556845.7951725746,
          -1059360.6205397556
        ]
      },
      "properties": {
        "id": 51,
        "dataset_size": 1000,
        "x": -556845.7951725746,
        "y": -1059360.6205397556
      }
    },
    {
      "type": "Feature",
      "geometry": {
        "type": "Point",
        "coordinates": [
          -544945.8757150457,
          -1140853.0996272904
        ]
      },
      "properties": {
        "id": 52,
        "dataset_size": 1000,
        "x": -544945.8757150457,
        "y": -1140853.0996272904
      }
    },
    {
      "type": "Feature",
      "geometry": {
        "type": "Point",
        "coordinates": [
          -540307.7061006611,
          -1138632.0703472567
        ]
      },
      "properties": {
        "id": 53,
        "dataset_size": 1000,
        "x": -540307.7061006611,
        "y": -1138632.0703472567
      }
    },
    {
      "type": "Feature",
      "geometry": {
        "type": "Point",
        "coordinates": [
          -544448.3512124122,
          -1037256.5168826926
        ]
      },
      "properties": {
        "id": 54,
        "dataset_size": 1000,
        "x": -544448.3512124122,
        "y": -1037256.5168826926
      }
    },
    {
      "type": "Feature",
      "geometry": {
        "type": "Point",
        "coordinates": [
          -514428.0855134357,
          -1106141.8294678836
        ]
      },
      "properties": {
        "id": 55,
        "dataset_size": 1000,
        "x": -514428.0855134357,
        "y": -1106141.8294678836
      }
    },
    {
      "type": "Feature",
      "geometry": {
        "type": "Point",
        "coordinates": [
          -569829.4292468757,
          -1114073.1307728803
        ]
      },
      "properties": {
        "id": 56,
        "dataset_size": 1000,
        "x": -569829.4292468757,
        "y": -1114073.1307728803
      }
    },
    {
      "type": "Feature",
      "geometry": {
        "type": "Point",
        "coordinates": [
          -548353.5611795489,
          -1068888.501597088
        ]
      },
      "properties": {
        "id": 57,
        "dataset_size": 1000,
        "x": -548353.5611795489,
        "y": -1068888.501597088
      }
    },
    {
      "type": "Feature",
      "geometry": {
        "type": "Point",
        "coordinates": [
          -555556.1642049026,
          -1101669.8226455774
        ]
      },
      "properties": {
        "id": 58,
        "dataset_size": 1000,
        "x": -555556.1642049026,
        "y": -1101669.8226455774
      }
    },
    {
      "type": "Feature",
      "geometry": {
        "type": "Point",
        "coordinates": [
          -544759.899421836,
          -1116890.8591457005
        ]
      },
      "properties": {
        "id": 59,
        "dataset_size": 1000,
        "x": -544759.899421836,
        "y": -1116890.8591457005
      }
    },
    {
      "type": "Feature",
      "geometry": {
        "type": "Point",
        "coordinates": [
          -574153.3900853909,
          -1121566.5779155304
        ]
      },
      "properties": {
        "id": 60,
        "dataset_size": 1000,
        "x": -574153.3900853909,
        "y": -1121566.5779155304
      }
    },
    {
      "type": "Feature",
      "geometry": {
        "type": "Point",
        "coordinates": [
          -520983.4232748022,
          -1109851.2518242367
        ]
      },
      "properties": {
        "id": 61,
        "dataset_size": 1000,
        "x": -520983.4232748022,
        "y": -1109851.2518242367
      }
    },
    {
      "type": "Feature",
      "geometry": {
        "type": "Point",
        "coordinates": [
          -549977.4878477722,
          -1149813.8867596278
        ]
      },
      "properties": {
        "id": 62,
        "dataset_size": 1000,
        "x": -549977.4878477722,
        "y": -1149813.8867596278
      }
    },
    {
      "type": "Feature",
      "geometry": {
        "type": "Point",
        "coordinates": [
          -551415.1826285032,
          -1032961.6681866739
        ]
      },
      "properties": {
        "id": 63,
        "dataset_size": 1000,
        "x": -551415.1826285032,
        "y": -1032961.6681866739
      }
    },
    {
      "type": "Feature",
      "geometry": {
        "type": "Point",
        "coordinates": [
          -512660.3545733832,
          -1124487.0987808877
        ]
      },
      "properties": {
        "id": 64,
        "dataset_size": 1000,
        "x": -512660.3545733832,
        "y": -1124487.0987808877
      }
    },
    {
      "type": "Feature",
      "geometry": {
        "type": "Point",
        "coordinates": [
          -552683.6135379022,
          -1108453.7629539517
        ]
      },
      "properties": {
        "id": 65,
        "dataset_size": 1000,
        "x": -552683.6135379022,
        "y": -1108453.7629539517
      }
    },
    {
      "type": "Feature",
      "geometry": {
        "type": "Point",
        "coordinates": [
          -556683.5841199177,
          -1114624.5850728354
        ]
      },
      "properties": {
        "id": 66,
        "dataset_size": 1000,
        "x": -556683.5841199177,
        "y": -1114624.5850728354
      }
    },
    {
      "type": "Feature",
      "geometry": {
        "type": "Point",
        "coordinates": [
          -529638.2807282535,
          -1096161.3367190098
        ]
      },
      "properties": {
        "id": 67,
        "dataset_size": 1000,
        "x": -529638.2807282535,
        "y": -1096161.3367190098
      }
    },
    {
      "type": "Feature",
      "geometry": {
        "type": "Point",
        "coordinates": [
          -557493.6877728517,
          -1088566.7305666353
        ]
      },
      "properties": {
        "id": 68,
        "dataset_size": 1000,
        "x": -557493.6877728517,
        "y": -1088566.7305666353
      }
    },
    {
      "type": "Feature",
      "geometry": {
        "type": "Point",
        "coordinates": [
          -533819.9358403457,
          -1115473.0384864553
        ]
      },
      "properties": {
        "id": 69,
        "dataset_size": 1000,
        "x": -533819.9358403457,
        "y": -1115473.0384864553
      }
    },
    {
      "type": "Feature",
      "geometry": {
        "type": "Point",
        "coordinates": [
          -565109.4708138823,
          -1116149.793808821
        ]
      },
      "properties": {
        "id": 70,
        "dataset_size": 1000,
        "x": -565109.4708138823,
        "y": -1116149.793808821
      }
    },
    {
      "type": "Feature",
      "geometry": {
        "type": "Point",
        "coordinates": [
          -550155.3565640971,
          -1045795.09926686
        ]
      },
      "properties": {
        "id": 71,
        "dataset_size": 1000,
        "x": -550155.3565640971,
        "y": -1045795.09926686
      }
    },
    {
      "type": "Feature",
      "geometry": {
        "type": "Point",
        "coordinates": [
          -543836.737139884,
          -1109241.5301460123
        ]
      },
      "properties": {
        "id": 72,
        "dataset_size": 1000,
        "x": -543836.737139884,
        "y": -1109241.5301460123
      }
    },
    {
      "type": "Feature",
      "geometry": {
        "type": "Point",
        "coordinates": [
          -528191.7934660467,
          -1135627.8451095351
        ]
      },
      "properties": {
        "id": 73,
        "dataset_size": 1000,
        "x": -528191.7934660467,
        "y": -1135627.8451095351
      }
    },
    {
      "type": "Feature",
      "geometry": {
        "type": "Point",
        "coordinates": [
          -564925.9849874292,
          -1115706.657439271
        ]
      },
      "properties": {
        "id": 74,
        "dataset_size": 1000,
        "x": -564925.9849874292,
        "y": -1115706.657439271
      }
    },
    {
      "type": "Feature",
      "geometry": {
        "type": "Point",
        "coordinates": [
          -548713.1085123463,
          -1131502.383263321
        ]
      },
      "properties": {
        "id": 75,
        "dataset_size": 1000,
        "x": -548713.1085123463,
        "y": -1131502.383263321
      }
    },
    {
      "type": "Feature",
      "geometry": {
        "type": "Point",
        "coordinates": [
          -553035.9479963343,
          -1064815.9492302253
        ]
      },
      "properties": {
        "id": 76,
        "dataset_size": 1000,
        "x": -553035.9479963343,
        "y": -1064815.9492302253
      }
    },
    {
      "type": "Feature",
      "geometry": {
        "type": "Point",
        "coordinates": [
          -548345.7722356479,
          -1093177.3153003105
        ]
      },
      "properties": {
        "id": 77,
        "dataset_size": 1000,
        "x": -548345.7722356479,
        "y": -1093177.3153003105
      }
    },
    {
      "type": "Feature",
      "geometry": {
        "type": "Point",
        "coordinates": [
          -544292.9448757159,
          -1124297.2570015946
        ]
      },
      "properties": {
        "id": 78,
        "dataset_size": 1000,
        "x": -544292.9448757159,
        "y": -1124297.2570015946
      }
    },
    {
      "type": "Feature",
      "geometry": {
        "type": "Point",
        "coordinates": [
          -566529.4643045142,
          -1057124.3404458198
        ]
      },
      "properties": {
        "id": 79,
        "dataset_size": 1000,
        "x": -566529.4643045142,
        "y": -1057124.3404458198
      }
    },
    {
      "type": "Feature",
      "geometry": {
        "type": "Point",
        "coordinates": [
          -542968.7032931768,
          -1128465.5504726083
        ]
      },
      "properties": {
        "id": 80,
        "dataset_size": 1000,
        "x": -542968.7032931768,
        "y": -1128465.5504726083
      }
    },
    {
      "type": "Feature",
      "geometry": {
        "type": "Point",
        "coordinates": [
          -565063.1432151647,
          -1066619.397074079
        ]
      },
      "properties": {
        "id": 81,
        "dataset_size": 1000,
        "x": -565063.1432151647,
        "y": -1066619.397074079
      }
    },
    {
      "type": "Feature",
      "geometry": {
        "type": "Point",
        "coordinates": [
          -538381.0919852884,
          -1113294.6228127535
        ]
      },
      "properties": {
        "id": 82,
        "dataset_size": 1000,
        "x": -538381.0919852884,
        "y": -1113294.6228127535
      }
    },
    {
      "type": "Feature",
      "geometry": {
        "type": "Point",
        "coordinates": [
          -536297.9601379595,
          -1043505.3729703241
        ]
      },
      "properties": {
        "id": 83,
        "dataset_size": 1000,
        "x": -536297.9601379595,
        "y": -1043505.3729703241
      }
    },
    {
      "type": "Feature",
      "geometry": {
        "type": "Point",
        "coordinates": [
          -548764.1813139966,
          -1148506.0607036308
        ]
      },
      "properties": {
        "id": 84,
        "dataset_size": 1000,
        "x": -548764.1813139966,
        "y": -1148506.0607036308
      }
    },
    {
      "type": "Feature",
      "geometry": {
        "type": "Point",
        "coordinates": [
          -566747.9944493555,
          -1066378.7646197136
        ]
      },
      "properties": {
        "id": 85,
        "dataset_size": 1000,
        "x": -566747.9944493555,
        "y": -1066378.7646197136
      }
    },
    {
      "type": "Feature",
      "geometry": {
        "type": "Point",
        "coordinates": [
          -554399.2590691973,
          -1060087.6008973857
        ]
      },
      "properties": {
        "id": 86,
        "dataset_size": 1000,
        "x": -554399.2590691973,
        "y": -1060087.6008973857
      }
    },
    {
      "type": "Feature",
      "geometry": {
        "type": "Point",
        "coordinates": [
          -568762.9325859634,
          -1074319.3520579417
        ]
      },
      "properties": {
        "id": 87,
        "dataset_size": 1000,
        "x": -568762.9325859634,
        "y": -1074319.3520579417
      }
    },
    {
      "type": "Feature",
      "geometry": {
        "type": "Point",
        "coordinates": [
          -564758.8317925032,
          -1066751.8519285447
        ]
      },
      "properties": {
        "id": 88,
        "dataset_size": 1000,
        "x": -564758.8317925032,
        "y": -1066751.8519285447
      }
    },
    {
      "type": "Feature",
      "geometry": {
        "type": "Point",
        "coordinates": [
          -558742.3987637748,
          -1131674.1478491856
        ]
      },
      "properties": {
        "id": 89,
        "dataset_size": 1000,
        "x": -558742.3987637748,
        "y": -1131674.1478491856
      }
    },
    {
      "type": "Feature",
      "geometry": {
        "type": "Point",
        "coordinates": [
          -522371.1968278569,
          -1120913.9462329887
        ]
      },
      "properties": {
        "id": 90,
        "dataset_size": 1000,
        "x": -522371.1968278569,
        "y": -1120913.9462329887
      }
    },
    {
      "type": "Feature",
      "geometry": {
        "type": "Point",
        "coordinates": [
          -574098.4401537353,
          -1100702.82619725
        ]
      },
      "properties": {
        "id": 91,
        "dataset_size": 1000,
        "x": -574098.4401537353,
        "y": -1100702.82619725
      }
    },
    {
      "type": "Feature",
      "geometry": {
        "type": "Point",
        "coordinates": [
          -549937.8230815534,
          -1103893.6817936345
        ]
      },
      "properties": {
        "id": 92,
        "dataset_size": 1000,
        "x": -549937.8230815534,
        "y": -1103893.6817936345
      }
    },
    {
      "type": "Feature",
      "geometry": {
        "type": "Point",
        "coordinates": [
          -568826.2590736116,
          -1082390.4965844264
        ]
      },
      "properties": {
        "id": 93,
        "dataset_size": 1000,
        "x": -568826.2590736116,
        "y": -1082390.4965844264
      }
    },
    {
      "type": "Feature",
      "geometry": {
        "type": "Point",
        "coordinates": [
          -529283.5243874935,
          -1048657.0211565737
        ]
      },
      "properties": {
        "id": 94,
        "dataset_size": 1000,
        "x": -529283.5243874935,
        "y": -1048657.0211565737
      }
    },
    {
      "type": "Feature",
      "geometry": {
        "type": "Point",
        "coordinates": [
          -566545.6483266783,
          -1082070.7013471886
        ]
      },
      "properties": {
        "id": 95,
        "dataset_size": 1000,
        "x": -566545.6483266783,
        "y": -1082070.7013471886
      }
    },
    {
      "type": "Feature",
      "geometry": {
        "type": "Point",
        "coordinates": [
          -524353.949760963,
          -1119416.9963918782
        ]
      },
      "properties": {
        "id": 96,
        "dataset_size": 1000,
        "x": -524353.949760963,
        "y": -1119416.9963918782
      }
    },
    {
      "type": "Feature",
      "geometry": {
        "type": "Point",
        "coordinates": [
          -569354.1596995292,
          -1055441.8738408484
        ]
      },
      "properties": {
        "id": 97,
        "dataset_size": 1000,
        "x": -569354.1596995292,
        "y": -1055441.8738408484
      }
    },
    {
      "type": "Feature",
      "geometry": {
        "type": "Point",
        "coordinates": [
          -557635.9022340173,
          -1096256.1703243523
        ]
      },
      "properties": {
        "id": 98,
        "dataset_size": 1000,
        "x": -557635.9022340173,
        "y": -1096256.1703243523
      }
    },
    {
      "type": "Feature",
      "geometry": {
        "type": "Point",
        "coordinates": [
          -572538.3639543485,
          -1121188.7440359988
        ]
      },
      "properties": {
        "id": 99,
        "dataset_size": 1000,
        "x": -572538.3639543485,
        "y": -1121188.7440359988
      }
    },
    {
      "type": "Feature",
      "geometry": {
        "type": "Point",
        "coordinates": [
          -571398.0449713418,
          -1068110.7144825934
        ]
      },
      "properties": {
        "id": 100,
        "dataset_size": 1000,
        "x": -571398.0449713418,
        "y": -1068110.7144825934
      }
    },
    {
      "type": "Feature",
      "geometry": {
        "type": "Point",
        "coordinates": [
          -542553.468209926,
          -1129704.5546342218
        ]
      },
      "properties": {
        "id": 101,
        "dataset_size": 1000,
        "x": -542553.468209926,
        "y": -1129704.5546342218
      }
    },
    {
      "type": "Feature",
      "geometry": {
        "type": "Point",
        "coordinates": [
          -551905.126332941,
          -1041277.6060407306
        ]
      },
      "properties": {
        "id": 102,
        "dataset_size": 1000,
        "x": -551905.126332941,
        "y": -1041277.6060407306
      }
    },
    {
      "type": "Feature",
      "geometry": {
        "type": "Point",
        "coordinates": [
          -568171.5199447959,
          -1128848.0429730099
        ]
      },
      "properties": {
        "id": 103,
        "dataset_size": 1000,
        "x": -568171.5199447959,
        "y": -1128848.0429730099
      }
    },
    {
      "type": "Feature",
      "geometry": {
        "type": "Point",
        "coordinates": [
          -575909.6009349289,
          -1137375.2952550014
        ]
      },
      "properties": {
        "id": 104,
        "dataset_size": 1000,
        "x": -575909.6009349289,
        "y": -1137375.2952550014
      }
    },
    {
      "type": "Feature",
      "geometry": {
        "type": "Point",
        "coordinates": [
          -524358.850416346,
          -1129356.8225480358
        ]
      },
      "properties": {
        "id": 105,
        "dataset_size": 1000,
        "x": -524358.850416346,
        "y": -1129356.8225480358
      }
    },
    {
      "type": "Feature",
      "geometry": {
        "type": "Point",
        "coordinates": [
          -518224.3720375783,
          -1134613.2655567967
        ]
      },
      "properties": {
        "id": 106,
        "dataset_size": 1000,
        "x": -518224.3720375783,
        "y": -1134613.2655567967
      }
    },
    {
      "type": "Feature",
      "geometry": {
        "type": "Point",
        "coordinates": [
          -552832.3765976322,
          -1132969.345640607
        ]
      },
      "properties": {
        "id": 107,
        "dataset_size": 1000,
        "x": -552832.3765976322,
        "y": -1132969.345640607
      }
    },
    {
      "type": "Feature",
      "geometry": {
        "type": "Point",
        "coordinates": [
          -557946.6020079714,
          -1061352.0959713971
        ]
      },
      "properties": {
        "id": 108,
        "dataset_size": 1000,
        "x": -557946.6020079714,
        "y": -1061352.0959713971
      }
    },
    {
      "type": "Feature",
      "geometry": {
        "type": "Point",
        "coordinates": [
          -549144.2699341102,
          -1128097.6135919672
        ]
      },
      "properties": {
        "id": 109,
        "dataset_size": 1000,
        "x": -549144.2699341102,
        "y": -1128097.6135919672
      }
    },
    {
      "type": "Feature",
      "geometry": {
        "type": "Point",
        "coordinates": [
          -564826.6464858585,
          -1063036.295371651
        ]
      },
      "properties": {
        "id": 110,
        "dataset_size": 1000,
        "x": -564826.6464858585,
        "y": -1063036.295371651
      }
    },
    {
      "type": "Feature",
      "geometry": {
        "type": "Point",
        "coordinates": [
          -554804.7974592464,
          -1136899.9280173043
        ]
      },
      "properties": {
        "id": 111,
        "dataset_size": 1000,
        "x": -554804.7974592464,
        "y": -1136899.9280173043
      }
    },
    {
      "type": "Feature",
      "geometry": {
        "type": "Point",
        "coordinates": [
          -559232.5085129905,
          -1105598.720954396
        ]
      },
      "properties": {
        "id": 112,
        "dataset_size": 1000,
        "x": -559232.5085129905,
        "y": -1105598.720954396
      }
    },
    {
      "type": "Feature",
      "geometry": {
        "type": "Point",
        "coordinates": [
          -525853.729627628,
          -1144103.776493617
        ]
      },
      "properties": {
        "id": 113,
        "dataset_size": 1000,
        "x": -525853.729627628,
        "y": -1144103.776493617
      }
    },
    {
      "type": "Feature",
      "geometry": {
        "type": "Point",
        "coordinates": [
          -549150.5287767109,
          -1123445.3040350275
        ]
      },
      "properties": {
        "id": 114,
        "dataset_size": 1000,
        "x": -549150.5287767109,
        "y": -1123445.3040350275
      }
    },
    {
      "type": "Feature",
      "geometry": {
        "type": "Point",
        "coordinates": [
          -528547.2139473013,
          -1093040.725358257
        ]
      },
      "properties": {
        "id": 115,
        "dataset_size": 1000,
        "x": -528547.2139473013,
        "y": -1093040.725358257
      }
    },
    {
      "type": "Feature",
      "geometry": {
        "type": "Point",
        "coordinates": [
          -559569.2627277895,
          -1066365.1906209956
        ]
      },
      "properties": {
        "id": 116,
        "dataset_size": 1000,
        "x": -559569.2627277895,
        "y": -1066365.1906209956
      }
    },
    {
      "type": "Feature",
      "geometry": {
        "type": "Point",
        "coordinates": [
          -558436.3001746469,
          -1131992.6582372303
        ]
      },
      "properties": {
        "id": 117,
        "dataset_size": 1000,
        "x": -558436.3001746469,
        "y": -1131992.6582372303
      }
    },
    {
      "type": "Feature",
      "geometry": {
        "type": "Point",
        "coordinates": [
          -575330.4220786971,
          -1113551.4694345153
        ]
      },
      "properties": {
        "id": 118,
        "dataset_size": 1000,
        "x": -575330.4220786971,
        "y": -1113551.4694345153
      }
    },
    {
      "type": "Feature",
      "geometry": {
        "type": "Point",
        "coordinates": [
          -553440.8247632505,
          -1092562.7605244776
        ]
      },
      "properties": {
        "id": 119,
        "dataset_size": 1000,
        "x": -553440.8247632505,
        "y": -1092562.7605244776
      }
    },
    {
      "type": "Feature",
      "geometry": {
        "type": "Point",
        "coordinates": [
          -549098.9571005899,
          -1111541.6351728304
        ]
      },
      "properties": {
        "id": 120,
        "dataset_size": 1000,
        "x": -549098.9571005899,
        "y": -1111541.6351728304
      }
    },
    {
      "type": "Feature",
      "geometry": {
        "type": "Point",
        "coordinates": [
          -527623.6403773624,
          -1126761.1518348071
        ]
      },
      "properties": {
        "id": 121,
        "dataset_size": 1000,
        "x": -527623.6403773624,
        "y": -1126761.1518348071
      }
    },
    {
      "type": "Feature",
      "geometry": {
        "type": "Point",
        "coordinates": [
          -538915.8071453383,
          -1104831.9635053375
        ]
      },
      "properties": {
        "id": 122,
        "dataset_size": 1000,
        "x": -538915.8071453383,
        "y": -1104831.9635053375
      }
    },
    {
      "type": "Feature",
      "geometry": {
        "type": "Point",
        "coordinates": [
          -565694.5565244947,
          -1080879.1050968666
        ]
      },
      "properties": {
        "id": 123,
        "dataset_size": 1000,
        "x": -565694.5565244947,
        "y": -1080879.1050968666
      }
    },
    {
      "type": "Feature",
      "geometry": {
        "type": "Point",
        "coordinates": [
          -564406.5326961591,
          -1104088.9296143814
        ]
      },
      "properties": {
        "id": 124,
        "dataset_size": 1000,
        "x": -564406.5326961591,
        "y": -1104088.9296143814
      }
    },
    {
      "type": "Feature",
      "geometry": {
        "type": "Point",
        "coordinates": [
          -571432.9586496578,
          -1067279.806709278
        ]
      },
      "properties": {
        "id": 125,
        "dataset_size": 1000,
        "x": -571432.9586496578,
        "y": -1067279.806709278
      }
    },
    {
      "type": "Feature",
      "geometry": {
        "type": "Point",
        "coordinates": [
          -563147.5362581033,
          -1049597.5376151125
        ]
      },
      "properties": {
        "id": 126,
        "dataset_size": 1000,
        "x": -563147.5362581033,
        "y": -1049597.5376151125
      }
    },
    {
      "type": "Feature",
      "geometry": {
        "type": "Point",
        "coordinates": [
          -558602.3237660589,
          -1147925.7580260194
        ]
      },
      "properties": {
        "id": 127,
        "dataset_size": 1000,
        "x": -558602.3237660589,
        "y": -1147925.7580260194
      }
    },
    {
      "type": "Feature",
      "geometry": {
        "type": "Point",
        "coordinates": [
          -534720.1761388435,
          -1052248.523311464
        ]
      },
      "properties": {
        "id": 128,
        "dataset_size": 1000,
        "x": -534720.1761388435,
        "y": -1052248.523311464
      }
    },
    {
      "type": "Feature",
      "geometry": {
        "type": "Point",
        "coordinates": [
          -535959.9905578771,
          -1121386.3394288174
        ]
      },
      "properties": {
        "id": 129,
        "dataset_size": 1000,
        "x": -535959.9905578771,
        "y": -1121386.3394288174
      }
    },
    {
      "type": "Feature",
      "geometry": {
        "type": "Point",
        "coordinates": [
          -565702.048315393,
          -1118119.74533629
        ]
      },
      "properties": {
        "id": 130,
        "dataset_size": 1000,
        "x": -565702.048315393,
        "y": -1118119.74533629
      }
    },
    {
      "type": "Feature",
      "geometry": {
        "type": "Point",
        "coordinates": [
          -549505.436274714,
          -1042941.9635282517
        ]
      },
      "properties": {
        "id": 131,
        "dataset_size": 1000,
        "x": -549505.436274714,
        "y": -1042941.9635282517
      }
    },
    {
      "type": "Feature",
      "geometry": {
        "type": "Point",
        "coordinates": [
          -522029.92731734685,
          -1113531.5909673856
        ]
      },
      "properties": {
        "id": 132,
        "dataset_size": 1000,
        "x": -522029.92731734685,
        "y": -1113531.5909673856
      }
    },
    {
      "type": "Feature",
      "geometry": {
        "type": "Point",
        "coordinates": [
          -553724.3678905093,
          -1099456.2468139103
        ]
      },
      "properties": {
        "id": 133,
        "dataset_size": 1000,
        "x": -553724.3678905093,
        "y": -1099456.2468139103
      }
    },
    {
      "type": "Feature",
      "geometry": {
        "type": "Point",
        "coordinates": [
          -547814.3386958891,
          -1106079.6504129586
        ]
      },
      "properties": {
        "id": 134,
        "dataset_size": 1000,
        "x": -547814.3386958891,
        "y": -1106079.6504129586
      }
    },
    {
      "type": "Feature",
      "geometry": {
        "type": "Point",
        "coordinates": [
          -577195.5518502608,
          -1089045.5939346133
        ]
      },
      "properties": {
        "id": 135,
        "dataset_size": 1000,
        "x": -577195.5518502608,
        "y": -1089045.5939346133
      }
    },
    {
      "type": "Feature",
      "geometry": {
        "type": "Point",
        "coordinates": [
          -511134.25862897444,
          -1119683.368201385
        ]
      },
      "properties": {
        "id": 136,
        "dataset_size": 1000,
        "x": -511134.25862897444,
        "y": -1119683.368201385
      }
    },
    {
      "type": "Feature",
      "geometry": {
        "type": "Point",
        "coordinates": [
          -547654.6812548591,
          -1050673.824642948
        ]
      },
      "properties": {
        "id": 137,
        "dataset_size": 1000,
        "x": -547654.6812548591,
        "y": -1050673.824642948
      }
    },
    {
      "type": "Feature",
      "geometry": {
        "type": "Point",
        "coordinates": [
          -579280.6455317611,
          -1092104.3339800625
        ]
      },
      "properties": {
        "id": 138,
        "dataset_size": 1000,
        "x": -579280.6455317611,
        "y": -1092104.3339800625
      }
    },
    {
      "type": "Feature",
      "geometry": {
        "type": "Point",
        "coordinates": [
          -540666.8117568262,
          -1103288.9104556842
        ]
      },
      "properties": {
        "id": 139,
        "dataset_size": 1000,
        "x": -540666.8117568262,
        "y": -1103288.9104556842
      }
    },
    {
      "type": "Feature",
      "geometry": {
        "type": "Point",
        "coordinates": [
          -556279.0190834294,
          -1125658.580927541
        ]
      },
      "properties": {
        "id": 140,
        "dataset_size": 1000,
        "x": -556279.0190834294,
        "y": -1125658.580927541
      }
    },
    {
      "type": "Feature",
      "geometry": {
        "type": "Point",
        "coordinates": [
          -577983.1956991707,
          -1125098.5150141057
        ]
      },
      "properties": {
        "id": 141,
        "dataset_size": 1000,
        "x": -577983.1956991707,
        "y": -1125098.5150141057
      }
    },
    {
      "type": "Feature",
      "geometry": {
        "type": "Point",
        "coordinates": [
          -549149.8375244853,
          -1046733.3357202031
        ]
      },
      "properties": {
        "id": 142,
        "dataset_size": 1000,
        "x": -549149.8375244853,
        "y": -1046733.3357202031
      }
    },
    {
      "type": "Feature",
      "geometry": {
        "type": "Point",
        "coordinates": [
          -528911.3064595237,
          -1116023.736746618
        ]
      },
      "properties": {
        "id": 143,
        "dataset_size": 1000,
        "x": -528911.3064595237,
        "y": -1116023.736746618
      }
    },
    {
      "type": "Feature",
      "geometry": {
        "type": "Point",
        "coordinates": [
          -518232.9015719745,
          -1131788.1003598932
        ]
      },
      "properties": {
        "id": 144,
        "dataset_size": 1000,
        "x": -518232.9015719745,
        "y": -1131788.1003598932
      }
    },
    {
      "type": "Feature",
      "geometry": {
        "type": "Point",
        "coordinates": [
          -535096.6705992313,
          -1128081.481747654
        ]
      },
      "properties": {
        "id": 145,
        "dataset_size": 1000,
        "x": -535096.6705992313,
        "y": -1128081.481747654
      }
    },
    {
      "type": "Feature",
      "geometry": {
        "type": "Point",
        "coordinates": [
          -552481.3031609962,
          -1141207.0963427064
        ]
      },
      "properties": {
        "id": 146,
        "dataset_size": 1000,
        "x": -552481.3031609962,
        "y": -1141207.0963427064
      }
    },
    {
      "type": "Feature",
      "geometry": {
        "type": "Point",
        "coordinates": [
          -559939.0881283768,
          -1110059.563769527
        ]
      },
      "properties": {
        "id": 147,
        "dataset_size": 1000,
        "x": -559939.0881283768,
        "y": -1110059.563769527
      }
    },
    {
      "type": "Feature",
      "geometry": {
        "type": "Point",
        "coordinates": [
          -548123.5342204546,
          -1107647.8861835797
        ]
      },
      "properties": {
        "id": 148,
        "dataset_size": 1000,
        "x": -548123.5342204546,
        "y": -1107647.8861835797
      }
    },
    {
      "type": "Feature",
      "geometry": {
        "type": "Point",
        "coordinates": [
          -541881.3938826481,
          -1115675.1012811302
        ]
      },
      "properties": {
        "id": 149,
        "dataset_size": 1000,
        "x": -541881.3938826481,
        "y": -1115675.1012811302
      }
    },
    {
      "type": "Feature",
      "geometry": {
        "type": "Point",
        "coordinates": [
          -543403.417334569,
          -1040083.3018043472
        ]
      },
      "properties": {
        "id": 150,
        "dataset_size": 1000,
        "x": -543403.417334569,
        "y": -1040083.3018043472
      }
    },
    {
      "type": "Feature",
      "geometry": {
        "type": "Point",
        "coordinates": [
          -570991.3671430016,
          -1070659.0031723464
        ]
      },
      "properties": {
        "id": 151,
        "dataset_size": 1000,
        "x": -570991.3671430016,
        "y": -1070659.0031723464
      }
    },
    {
      "type": "Feature",
      "geometry": {
        "type": "Point",
        "coordinates": [
          -562736.1558112373,
          -1084885.693741298
        ]
      },
      "properties": {
        "id": 152,
        "dataset_size": 1000,
        "x": -562736.1558112373,
        "y": -1084885.693741298
      }
    },
    {
      "type": "Feature",
      "geometry": {
        "type": "Point",
        "coordinates": [
          -572725.2755835372,
          -1069066.8821621805
        ]
      },
      "properties": {
        "id": 153,
        "dataset_size": 1000,
        "x": -572725.2755835372,
        "y": -1069066.8821621805
      }
    },
    {
      "type": "Feature",
      "geometry": {
        "type": "Point",
        "coordinates": [
          -539109.6279172436,
          -1115549.415701312
        ]
      },
      "properties": {
        "id": 154,
        "dataset_size": 1000,
        "x": -539109.6279172436,
        "y": -1115549.415701312
      }
    },
    {
      "type": "Feature",
      "geometry": {
        "type": "Point",
        "coordinates": [
          -567298.600102523,
          -1052788.6461555997
        ]
      },
      "properties": {
        "id": 155,
        "dataset_size": 1000,
        "x": -567298.600102523,
        "y": -1052788.6461555997
      }
    },
    {
      "type": "Feature",
      "geometry": {
        "type": "Point",
        "coordinates": [
          -544423.7249785643,
          -1052253.5150825894
        ]
      },
      "properties": {
        "id": 156,
        "dataset_size": 1000,
        "x": -544423.7249785643,
        "y": -1052253.5150825894
      }
    },
    {
      "type": "Feature",
      "geometry": {
        "type": "Point",
        "coordinates": [
          -567066.802253878,
          -1115228.5970640618
        ]
      },
      "properties": {
        "id": 157,
        "dataset_size": 1000,
        "x": -567066.802253878,
        "y": -1115228.5970640618
      }
    },
    {
      "type": "Feature",
      "geometry": {
        "type": "Point",
        "coordinates": [
          -567207.448987365,
          -1060237.3812808008
        ]
      },
      "properties": {
        "id": 158,
        "dataset_size": 1000,
        "x": -567207.448987365,
        "y": -1060237.3812808008
      }
    },
    {
      "type": "Feature",
      "geometry": {
        "type": "Point",
        "coordinates": [
          -567029.8241117151,
          -1096175.626004272
        ]
      },
      "properties": {
        "id": 159,
        "dataset_size": 1000,
        "x": -567029.8241117151,
        "y": -1096175.626004272
      }
    },
    {
      "type": "Feature",
      "geometry": {
        "type": "Point",
        "coordinates": [
          -570752.010847209,
          -1114005.8538361157
        ]
      },
      "properties": {
        "id": 160,
        "dataset_size": 1000,
        "x": -570752.010847209,
        "y": -1114005.8538361157
      }
    },
    {
      "type": "Feature",
      "geometry": {
        "type": "Point",
        "coordinates": [
          -551049.1046337077,
          -1053052.9267886546
        ]
      },
      "properties": {
        "id": 161,
        "dataset_size": 1000,
        "x": -551049.1046337077,
        "y": -1053052.9267886546
      }
    },
    {
      "type": "Feature",
      "geometry": {
        "type": "Point",
        "coordinates": [
          -573251.2261572045,
          -1104018.7069641512
        ]
      },
      "properties": {
        "id": 162,
        "dataset_size": 1000,
        "x": -573251.2261572045,
        "y": -1104018.7069641512
      }
    },
    {
      "type": "Feature",
      "geometry": {
        "type": "Point",
        "coordinates": [
          -572289.2116425531,
          -1123231.7881281183
        ]
      },
      "properties": {
        "id": 163,
        "dataset_size": 1000,
        "x": -572289.2116425531,
        "y": -1123231.7881281183
      }
    },
    {
      "type": "Feature",
      "geometry": {
        "type": "Point",
        "coordinates": [
          -535058.7912513901,
          -1053028.189516776
        ]
      },
      "properties": {
        "id": 164,
        "dataset_size": 1000,
        "x": -535058.7912513901,
        "y": -1053028.189516776
      }
    },
    {
      "type": "Feature",
      "geometry": {
        "type": "Point",
        "coordinates": [
          -510393.6086644106,
          -1127446.8643096322
        ]
      },
      "properties": {
        "id": 165,
        "dataset_size": 1000,
        "x": -510393.6086644106,
        "y": -1127446.8643096322
      }
    },
    {
      "type": "Feature",
      "geometry": {
        "type": "Point",
        "coordinates": [
          -522563.9685481229,
          -1120282.294146188
        ]
      },
      "properties": {
        "id": 166,
        "dataset_size": 1000,
        "x": -522563.9685481229,
        "y": -1120282.294146188
      }
    },
    {
      "type": "Feature",
      "geometry": {
        "type": "Point",
        "coordinates": [
          -566970.6030266284,
          -1108327.8196930615
        ]
      },
      "properties": {
        "id": 167,
        "dataset_size": 1000,
        "x": -566970.6030266284,
        "y": -1108327.8196930615
      }
    },
    {
      "type": "Feature",
      "geometry": {
        "type": "Point",
        "coordinates": [
          -566063.8972049593,
          -1090355.3000456938
        ]
      },
      "properties": {
        "id": 168,
        "dataset_size": 1000,
        "x": -566063.8972049593,
        "y": -1090355.3000456938
      }
    },
    {
      "type": "Feature",
      "geometry": {
        "type": "Point",
        "coordinates": [
          -559172.3139631897,
          -1111302.004101673
        ]
      },
      "properties": {
        "id": 169,
        "dataset_size": 1000,
        "x": -559172.3139631897,
        "y": -1111302.004101673
      }
    },
    {
      "type": "Feature",
      "geometry": {
        "type": "Point",
        "coordinates": [
          -564517.9863224505,
          -1080147.3452943626
        ]
      },
      "properties": {
        "id": 170,
        "dataset_size": 1000,
        "x": -564517.9863224505,
        "y": -1080147.3452943626
      }
    },
    {
      "type": "Feature",
      "geometry": {
        "type": "Point",
        "coordinates": [
          -574995.1731627344,
          -1093778.3409872793
        ]
      },
      "properties": {
        "id": 171,
        "dataset_size": 1000,
        "x": -574995.1731627344,
        "y": -1093778.3409872793
      }
    },
    {
      "type": "Feature",
      "geometry": {
        "type": "Point",
        "coordinates": [
          -542915.8938277957,
          -1060807.1772461701
        ]
      },
      "properties": {
        "id": 172,
        "dataset_size": 1000,
        "x": -542915.8938277957,
        "y": -1060807.1772461701
      }
    },
    {
      "type": "Feature",
      "geometry": {
        "type": "Point",
        "coordinates": [
          -545674.37737288,
          -1121379.7205717769
        ]
      },
      "properties": {
        "id": 173,
        "dataset_size": 1000,
        "x": -545674.37737288,
        "y": -1121379.7205717769
      }
    },
    {
      "type": "Feature",
      "geometry": {
        "type": "Point",
        "coordinates": [
          -548973.3836365624,
          -1146975.0944850463
        ]
      },
      "properties": {
        "id": 174,
        "dataset_size": 1000,
        "x": -548973.3836365624,
        "y": -1146975.0944850463
      }
    },
    {
      "type": "Feature",
      "geometry": {
        "type": "Point",
        "coordinates": [
          -550693.803220399,
          -1061528.7655203266
        ]
      },
      "properties": {
        "id": 175,
        "dataset_size": 1000,
        "x": -550693.803220399,
        "y": -1061528.7655203266
      }
    },
    {
      "type": "Feature",
      "geometry": {
        "type": "Point",
        "coordinates": [
          -549835.2004562101,
          -1153371.1985586935
        ]
      },
      "properties": {
        "id": 176,
        "dataset_size": 1000,
        "x": -549835.2004562101,
        "y": -1153371.1985586935
      }
    },
    {
      "type": "Feature",
      "geometry": {
        "type": "Point",
        "coordinates": [
          -552386.1899646764,
          -1128679.932128013
        ]
      },
      "properties": {
        "id": 177,
        "dataset_size": 1000,
        "x": -552386.1899646764,
        "y": -1128679.932128013
      }
    },
    {
      "type": "Feature",
      "geometry": {
        "type": "Point",
        "coordinates": [
          -557838.0564491212,
          -1109055.6040675307
        ]
      },
      "properties": {
        "id": 178,
        "dataset_size": 1000,
        "x": -557838.0564491212,
        "y": -1109055.6040675307
      }
    },
    {
      "type": "Feature",
      "geometry": {
        "type": "Point",
        "coordinates": [
          -570100.0452140168,
          -1060322.9602597065
        ]
      },
      "properties": {
        "id": 179,
        "dataset_size": 1000,
        "x": -570100.0452140168,
        "y": -1060322.9602597065
      }
    },
    {
      "type": "Feature",
      "geometry": {
        "type": "Point",
        "coordinates": [
          -576887.7053616943,
          -1097510.4292281813
        ]
      },
      "properties": {
        "id": 180,
        "dataset_size": 1000,
        "x": -576887.7053616943,
        "y": -1097510.4292281813
      }
    },
    {
      "type": "Feature",
      "geometry": {
        "type": "Point",
        "coordinates": [
          -542844.5169056953,
          -1032979.3217803856
        ]
      },
      "properties": {
        "id": 181,
        "dataset_size": 1000,
        "x": -542844.5169056953,
        "y": -1032979.3217803856
      }
    },
    {
      "type": "Feature",
      "geometry": {
        "type": "Point",
        "coordinates": [
          -563579.8179173414,
          -1104326.013169563
        ]
      },
      "properties": {
        "id": 182,
        "dataset_size": 1000,
        "x": -563579.8179173414,
        "y": -1104326.013169563
      }
    },
    {
      "type": "Feature",
      "geometry": {
        "type": "Point",
        "coordinates": [
          -529131.057146503,
          -1106044.8381606173
        ]
      },
      "properties": {
        "id": 183,
        "dataset_size": 1000,
        "x": -529131.057146503,
        "y": -1106044.8381606173
      }
    },
    {
      "type": "Feature",
      "geometry": {
        "type": "Point",
        "coordinates": [
          -539143.5620400325,
          -1143744.9922297257
        ]
      },
      "properties": {
        "id": 184,
        "dataset_size": 1000,
        "x": -539143.5620400325,
        "y": -1143744.9922297257
      }
    },
    {
      "type": "Feature",
      "geometry": {
        "type": "Point",
        "coordinates": [
          -528758.2692399484,
          -1119596.8545409671
        ]
      },
      "properties": {
        "id": 185,
        "dataset_size": 1000,
        "x": -528758.2692399484,
        "y": -1119596.8545409671
      }
    },
    {
      "type": "Feature",
      "geometry": {
        "type": "Point",
        "coordinates": [
          -547810.5213803353,
          -1071439.0270398324
        ]
      },
      "properties": {
        "id": 186,
        "dataset_size": 1000,
        "x": -547810.5213803353,
        "y": -1071439.0270398324
      }
    },
    {
      "type": "Feature",
      "geometry": {
        "type": "Point",
        "coordinates": [
          -565806.824063417,
          -1098881.8120300795
        ]
      },
      "properties": {
        "id": 187,
        "dataset_size": 1000,
        "x": -565806.824063417,
        "y": -1098881.8120300795
      }
    },
    {
      "type": "Feature",
      "geometry": {
        "type": "Point",
        "coordinates": [
          -560430.1834229758,
          -1057414.481077215
        ]
      },
      "properties": {
        "id": 188,
        "dataset_size": 1000,
        "x": -560430.1834229758,
        "y": -1057414.481077215
      }
    },
    {
      "type": "Feature",
      "geometry": {
        "type": "Point",
        "coordinates": [
          -556305.2940182271,
          -1047422.9468721362
        ]
      },
      "properties": {
        "id": 189,
        "dataset_size": 1000,
        "x": -556305.2940182271,
        "y": -1047422.9468721362
      }
    },
    {
      "type": "Feature",
      "geometry": {
        "type": "Point",
        "coordinates": [
          -540723.9048754928,
          -1096715.4694902333
        ]
      },
      "properties": {
        "id": 190,
        "dataset_size": 1000,
        "x": -540723.9048754928,
        "y": -1096715.4694902333
      }
    },
    {
      "type": "Feature",
      "geometry": {
        "type": "Point",
        "coordinates": [
          -550676.6907655151,
          -1130305.4608357986
        ]
      },
      "properties": {
        "id": 191,
        "dataset_size": 1000,
        "x": -550676.6907655151,
        "y": -1130305.4608357986
      }
    },
    {
      "type": "Feature",
      "geometry": {
        "type": "Point",
        "coordinates": [
          -506832.55247087387,
          -1122370.4966208525
        ]
      },
      "properties": {
        "id": 192,
        "dataset_size": 1000,
        "x": -506832.55247087387,
        "y": -1122370.4966208525
      }
    },
    {
      "type": "Feature",
      "geometry": {
        "type": "Point",
        "coordinates": [
          -576110.3598278122,
          -1096344.530063917
        ]
      },
      "properties": {
        "id": 193,
        "dataset_size": 1000,
        "x": -576110.3598278122,
        "y": -1096344.530063917
      }
    },
    {
      "type": "Feature",
      "geometry": {
        "type": "Point",
        "coordinates": [
          -547432.4365785673,
          -1050732.0981464281
        ]
      },
      "properties": {
        "id": 194,
        "dataset_size": 1000,
        "x": -547432.4365785673,
        "y": -1050732.0981464281
      }
    },
    {
      "type": "Feature",
      "geometry": {
        "type": "Point",
        "coordinates": [
          -570799.1393314638,
          -1129050.1579886253
        ]
      },
      "properties": {
        "id": 195,
        "dataset_size": 1000,
        "x": -570799.1393314638,
        "y": -1129050.1579886253
      }
    },
    {
      "type": "Feature",
      "geometry": {
        "type": "Point",
        "coordinates": [
          -526528.0628370336,
          -1115158.757856031
        ]
      },
      "properties": {
        "id": 196,
        "dataset_size": 1000,
        "x": -526528.0628370336,
        "y": -1115158.757856031
      }
    },
    {
      "type": "Feature",
      "geometry": {
        "type": "Point",
        "coordinates": [
          -567442.0485291878,
          -1063159.9179391714
        ]
      },
      "properties": {
        "id": 197,
        "dataset_size": 1000,
        "x": -567442.0485291878,
        "y": -1063159.9179391714
      }
    },
    {
      "type": "Feature",
      "geometry": {
        "type": "Point",
        "coordinates": [
          -578047.9431281483,
          -1087885.6066076648
        ]
      },
      "properties": {
        "id": 198,
        "dataset_size": 1000,
        "x": -578047.9431281483,
        "y": -1087885.6066076648
      }
    },
    {
      "type": "Feature",
      "geometry": {
        "type": "Point",
        "coordinates": [
          -569834.7140119189,
          -1090174.3582500233
        ]
      },
      "properties": {
        "id": 199,
        "dataset_size": 1000,
        "x": -569834.7140119189,
        "y": -1090174.3582500233
      }
    },
    {
      "type": "Feature",
      "geometry": {
        "type": "Point",
        "coordinates": [
          -548688.9328273393,
          -1149916.5645191353
        ]
      },
      "properties": {
        "id": 200,
        "dataset_size": 1000,
        "x": -548688.9328273393,
        "y": -1149916.5645191353
      }
    },
    {
      "type": "Feature",
      "geometry": {
        "type": "Point",
        "coordinates": [
          -528425.8681440303,
          -1129086.8563594504
        ]
      },
      "properties": {
        "id": 201,
        "dataset_size": 1000,
        "x": -528425.8681440303,
        "y": -1129086.8563594504
      }
    },
    {
      "type": "Feature",
      "geometry": {
        "type": "Point",
        "coordinates": [
          -545037.900266404,
          -1135921.665564227
        ]
      },
      "properties": {
        "id": 202,
        "dataset_size": 1000,
        "x": -545037.900266404,
        "y": -1135921.665564227
      }
    },
    {
      "type": "Feature",
      "geometry": {
        "type": "Point",
        "coordinates": [
          -545351.1353311983,
          -1098385.7830948706
        ]
      },
      "properties": {
        "id": 203,
        "dataset_size": 1000,
        "x": -545351.1353311983,
        "y": -1098385.7830948706
      }
    },
    {
      "type": "Feature",
      "geometry": {
        "type": "Point",
        "coordinates": [
          -580711.7801446859,
          -1090821.2644035392
        ]
      },
      "properties": {
        "id": 204,
        "dataset_size": 1000,
        "x": -580711.7801446859,
        "y": -1090821.2644035392
      }
    },
    {
      "type": "Feature",
      "geometry": {
        "type": "Point",
        "coordinates": [
          -555788.0079810888,
          -1135652.1371970437
        ]
      },
      "properties": {
        "id": 205,
        "dataset_size": 1000,
        "x": -555788.0079810888,
        "y": -1135652.1371970437
      }
    },
    {
      "type": "Feature",
      "geometry": {
        "type": "Point",
        "coordinates": [
          -566882.8321072615,
          -1056741.508450659
        ]
      },
      "properties": {
        "id": 206,
        "dataset_size": 1000,
        "x": -566882.8321072615,
        "y": -1056741.508450659
      }
    },
    {
      "type": "Feature",
      "geometry": {
        "type": "Point",
        "coordinates": [
          -548605.0737340827,
          -1107012.4687770735
        ]
      },
      "properties": {
        "id": 207,
        "dataset_size": 1000,
        "x": -548605.0737340827,
        "y": -1107012.4687770735
      }
    },
    {
      "type": "Feature",
      "geometry": {
        "type": "Point",
        "coordinates": [
          -570416.541618642,
          -1066875.2646137504
        ]
      },
      "properties": {
        "id": 208,
        "dataset_size": 1000,
        "x": -570416.541618642,
        "y": -1066875.2646137504
      }
    },
    {
      "type": "Feature",
      "geometry": {
        "type": "Point",
        "coordinates": [
          -581041.9452413165,
          -1128272.9869998991
        ]
      },
      "properties": {
        "id": 209,
        "dataset_size": 1000,
        "x": -581041.9452413165,
        "y": -1128272.9869998991
      }
    },
    {
      "type": "Feature",
      "geometry": {
        "type": "Point",
        "coordinates": [
          -555450.5078845425,
          -1102552.2813100906
        ]
      },
      "properties": {
        "id": 210,
        "dataset_size": 1000,
        "x": -555450.5078845425,
        "y": -1102552.2813100906
      }
    },
    {
      "type": "Feature",
      "geometry": {
        "type": "Point",
        "coordinates": [
          -538882.2941894005,
          -1043899.5772804251
        ]
      },
      "properties": {
        "id": 211,
        "dataset_size": 1000,
        "x": -538882.2941894005,
        "y": -1043899.5772804251
      }
    },
    {
      "type": "Feature",
      "geometry": {
        "type": "Point",
        "coordinates": [
          -549283.2946947016,
          -1138265.634336856
        ]
      },
      "properties": {
        "id": 212,
        "dataset_size": 1000,
        "x": -549283.2946947016,
        "y": -1138265.634336856
      }
    },
    {
      "type": "Feature",
      "geometry": {
        "type": "Point",
        "coordinates": [
          -573927.1312157835,
          -1137600.3053385725
        ]
      },
      "properties": {
        "id": 213,
        "dataset_size": 1000,
        "x": -573927.1312157835,
        "y": -1137600.3053385725
      }
    },
    {
      "type": "Feature",
      "geometry": {
        "type": "Point",
        "coordinates": [
          -548195.4754396393,
          -1102670.9514130752
        ]
      },
      "properties": {
        "id": 214,
        "dataset_size": 1000,
        "x": -548195.4754396393,
        "y": -1102670.9514130752
      }
    },
    {
      "type": "Feature",
      "geometry": {
        "type": "Point",
        "coordinates": [
          -550977.2264219545,
          -1075992.0264173183
        ]
      },
      "properties": {
        "id": 215,
        "dataset_size": 1000,
        "x": -550977.2264219545,
        "y": -1075992.0264173183
      }
    },
    {
      "type": "Feature",
      "geometry": {
        "type": "Point",
        "coordinates": [
          -558709.9346379143,
          -1072430.330829301
        ]
      },
      "properties": {
        "id": 216,
        "dataset_size": 1000,
        "x": -558709.9346379143,
        "y": -1072430.330829301
      }
    },
    {
      "type": "Feature",
      "geometry": {
        "type": "Point",
        "coordinates": [
          -557633.3995935232,
          -1098710.7442649389
        ]
      },
      "properties": {
        "id": 217,
        "dataset_size": 1000,
        "x": -557633.3995935232,
        "y": -1098710.7442649389
      }
    },
    {
      "type": "Feature",
      "geometry": {
        "type": "Point",
        "coordinates": [
          -525495.4044929009,
          -1115251.8422414653
        ]
      },
      "properties": {
        "id": 218,
        "dataset_size": 1000,
        "x": -525495.4044929009,
        "y": -1115251.8422414653
      }
    },
    {
      "type": "Feature",
      "geometry": {
        "type": "Point",
        "coordinates": [
          -541077.2361669549,
          -1117397.7470142008
        ]
      },
      "properties": {
        "id": 219,
        "dataset_size": 1000,
        "x": -541077.2361669549,
        "y": -1117397.7470142008
      }
    },
    {
      "type": "Feature",
      "geometry": {
        "type": "Point",
        "coordinates": [
          -558824.4278045166,
          -1099039.4963760003
        ]
      },
      "properties": {
        "id": 220,
        "dataset_size": 1000,
        "x": -558824.4278045166,
        "y": -1099039.4963760003
      }
    },
    {
      "type": "Feature",
      "geometry": {
        "type": "Point",
        "coordinates": [
          -554475.0994346994,
          -1126630.349665925
        ]
      },
      "properties": {
        "id": 221,
        "dataset_size": 1000,
        "x": -554475.0994346994,
        "y": -1126630.349665925
      }
    },
    {
      "type": "Feature",
      "geometry": {
        "type": "Point",
        "coordinates": [
          -534749.0264920245,
          -1133141.1637868388
        ]
      },
      "properties": {
        "id": 222,
        "dataset_size": 1000,
        "x": -534749.0264920245,
        "y": -1133141.1637868388
      }
    },
    {
      "type": "Feature",
      "geometry": {
        "type": "Point",
        "coordinates": [
          -532090.2152359853,
          -1133795.0126537734
        ]
      },
      "properties": {
        "id": 223,
        "dataset_size": 1000,
        "x": -532090.2152359853,
        "y": -1133795.0126537734
      }
    },
    {
      "type": "Feature",
      "geometry": {
        "type": "Point",
        "coordinates": [
          -544431.3111623426,
          -1097077.326837136
        ]
      },
      "properties": {
        "id": 224,
        "dataset_size": 1000,
        "x": -544431.3111623426,
        "y": -1097077.326837136
      }
    },
    {
      "type": "Feature",
      "geometry": {
        "type": "Point",
        "coordinates": [
          -550393.4433561172,
          -1085834.2797680302
        ]
      },
      "properties": {
        "id": 225,
        "dataset_size": 1000,
        "x": -550393.4433561172,
        "y": -1085834.2797680302
      }
    },
    {
      "type": "Feature",
      "geometry": {
        "type": "Point",
        "coordinates": [
          -547928.3901217487,
          -1133174.4600657737
        ]
      },
      "properties": {
        "id": 226,
        "dataset_size": 1000,
        "x": -547928.3901217487,
        "y": -1133174.4600657737
      }
    },
    {
      "type": "Feature",
      "geometry": {
        "type": "Point",
        "coordinates": [
          -520149.1329416603,
          -1114036.3884318585
        ]
      },
      "properties": {
        "id": 227,
        "dataset_size": 1000,
        "x": -520149.1329416603,
        "y": -1114036.3884318585
      }
    },
    {
      "type": "Feature",
      "geometry": {
        "type": "Point",
        "coordinates": [
          -535914.0023323103,
          -1116899.901270809
        ]
      },
      "properties": {
        "id": 228,
        "dataset_size": 1000,
        "x": -535914.0023323103,
        "y": -1116899.901270809
      }
    },
    {
      "type": "Feature",
      "geometry": {
        "type": "Point",
        "coordinates": [
          -559460.4576199413,
          -1111703.2048971234
        ]
      },
      "properties": {
        "id": 229,
        "dataset_size": 1000,
        "x": -559460.4576199413,
        "y": -1111703.2048971234
      }
    },
    {
      "type": "Feature",
      "geometry": {
        "type": "Point",
        "coordinates": [
          -529592.4012561745,
          -1098327.2175207422
        ]
      },
      "properties": {
        "id": 230,
        "dataset_size": 1000,
        "x": -529592.4012561745,
        "y": -1098327.2175207422
      }
    },
    {
      "type": "Feature",
      "geometry": {
        "type": "Point",
        "coordinates": [
          -515758.5986089892,
          -1136888.998384906
        ]
      },
      "properties": {
        "id": 231,
        "dataset_size": 1000,
        "x": -515758.5986089892,
        "y": -1136888.998384906
      }
    },
    {
      "type": "Feature",
      "geometry": {
        "type": "Point",
        "coordinates": [
          -519296.27548842825,
          -1137391.643158256
        ]
      },
      "properties": {
        "id": 232,
        "dataset_size": 1000,
        "x": -519296.27548842825,
        "y": -1137391.643158256
      }
    },
    {
      "type": "Feature",
      "geometry": {
        "type": "Point",
        "coordinates": [
          -575191.331221087,
          -1110638.435987562
        ]
      },
      "properties": {
        "id": 233,
        "dataset_size": 1000,
        "x": -575191.331221087,
        "y": -1110638.435987562
      }
    },
    {
      "type": "Feature",
      "geometry": {
        "type": "Point",
        "coordinates": [
          -537726.8315034041,
          -1044851.2374104187
        ]
      },
      "properties": {
        "id": 234,
        "dataset_size": 1000,
        "x": -537726.8315034041,
        "y": -1044851.2374104187
      }
    },
    {
      "type": "Feature",
      "geometry": {
        "type": "Point",
        "coordinates": [
          -553994.3501382684,
          -1071352.8703165313
        ]
      },
      "properties": {
        "id": 235,
        "dataset_size": 1000,
        "x": -553994.3501382684,
        "y": -1071352.8703165313
      }
    },
    {
      "type": "Feature",
      "geometry": {
        "type": "Point",
        "coordinates": [
          -554293.3332737478,
          -1086867.1889978773
        ]
      },
      "properties": {
        "id": 236,
        "dataset_size": 1000,
        "x": -554293.3332737478,
        "y": -1086867.1889978773
      }
    },
    {
      "type": "Feature",
      "geometry": {
        "type": "Point",
        "coordinates": [
          -576892.0165989876,
          -1119299.535278355
        ]
      },
      "properties": {
        "id": 237,
        "dataset_size": 1000,
        "x": -576892.0165989876,
        "y": -1119299.535278355
      }
    },
    {
      "type": "Feature",
      "geometry": {
        "type": "Point",
        "coordinates": [
          -553540.7642169924,
          -1122068.225703024
        ]
      },
      "properties": {
        "id": 238,
        "dataset_size": 1000,
        "x": -553540.7642169924,
        "y": -1122068.225703024
      }
    },
    {
      "type": "Feature",
      "geometry": {
        "type": "Point",
        "coordinates": [
          -565145.7004972937,
          -1139662.8139092803
        ]
      },
      "properties": {
        "id": 239,
        "dataset_size": 1000,
        "x": -565145.7004972937,
        "y": -1139662.8139092803
      }
    },
    {
      "type": "Feature",
      "geometry": {
        "type": "Point",
        "coordinates": [
          -544427.4466756333,
          -1111620.612011435
        ]
      },
      "properties": {
        "id": 240,
        "dataset_size": 1000,
        "x": -544427.4466756333,
        "y": -1111620.612011435
      }
    },
    {
      "type": "Feature",
      "geometry": {
        "type": "Point",
        "coordinates": [
          -544957.5133934449,
          -1049124.5350357185
        ]
      },
      "properties": {
        "id": 241,
        "dataset_size": 1000,
        "x": -544957.5133934449,
        "y": -1049124.5350357185
      }
    },
    {
      "type": "Feature",
      "geometry": {
        "type": "Point",
        "coordinates": [
          -534712.7810476406,
          -1052814.5998232597
        ]
      },
      "properties": {
        "id": 242,
        "dataset_size": 1000,
        "x": -534712.7810476406,
        "y": -1052814.5998232597
      }
    },
    {
      "type": "Feature",
      "geometry": {
        "type": "Point",
        "coordinates": [
          -559190.4268548273,
          -1110535.1242639075
        ]
      },
      "properties": {
        "id": 243,
        "dataset_size": 1000,
        "x": -559190.4268548273,
        "y": -1110535.1242639075
      }
    },
    {
      "type": "Feature",
      "geometry": {
        "type": "Point",
        "coordinates": [
          -524143.58587329864,
          -1137907.8704620611
        ]
      },
      "properties": {
        "id": 244,
        "dataset_size": 1000,
        "x": -524143.58587329864,
        "y": -1137907.8704620611
      }
    },
    {
      "type": "Feature",
      "geometry": {
        "type": "Point",
        "coordinates": [
          -534214.5210725424,
          -1123409.9527614228
        ]
      },
      "properties": {
        "id": 245,
        "dataset_size": 1000,
        "x": -534214.5210725424,
        "y": -1123409.9527614228
      }
    },
    {
      "type": "Feature",
      "geometry": {
        "type": "Point",
        "coordinates": [
          -526706.879058341,
          -1104345.3415610143
        ]
      },
      "properties": {
        "id": 246,
        "dataset_size": 1000,
        "x": -526706.879058341,
        "y": -1104345.3415610143
      }
    },
    {
      "type": "Feature",
      "geometry": {
        "type": "Point",
        "coordinates": [
          -538245.9512552789,
          -1121110.5456935426
        ]
      },
      "properties": {
        "id": 247,
        "dataset_size": 1000,
        "x": -538245.9512552789,
        "y": -1121110.5456935426
      }
    },
    {
      "type": "Feature",
      "geometry": {
        "type": "Point",
        "coordinates": [
          -557050.3132270747,
          -1148389.2026263431
        ]
      },
      "properties": {
        "id": 248,
        "dataset_size": 1000,
        "x": -557050.3132270747,
        "y": -1148389.2026263431
      }
    },
    {
      "type": "Feature",
      "geometry": {
        "type": "Point",
        "coordinates": [
          -510412.9039374483,
          -1136166.3444102518
        ]
      },
      "properties": {
        "id": 249,
        "dataset_size": 1000,
        "x": -510412.9039374483,
        "y": -1136166.3444102518
      }
    },
    {
      "type": "Feature",
      "geometry": {
        "type": "Point",
        "coordinates": [
          -568399.6122041652,
          -1121967.8045378777
        ]
      },
      "properties": {
        "id": 250,
        "dataset_size": 1000,
        "x": -568399.6122041652,
        "y": -1121967.8045378777
      }
    },
    {
      "type": "Feature",
      "geometry": {
        "type": "Point",
        "coordinates": [
          -564264.0265765785,
          -1112995.8023434621
        ]
      },
      "properties": {
        "id": 251,
        "dataset_size": 1000,
        "x": -564264.0265765785,
        "y": -1112995.8023434621
      }
    },
    {
      "type": "Feature",
      "geometry": {
        "type": "Point",
        "coordinates": [
          -530760.7633595924,
          -1135650.7614505226
        ]
      },
      "properties": {
        "id": 252,
        "dataset_size": 1000,
        "x": -530760.7633595924,
        "y": -1135650.7614505226
      }
    },
    {
      "type": "Feature",
      "geometry": {
        "type": "Point",
        "coordinates": [
          -560167.7559630194,
          -1073152.1558925912
        ]
      },
      "properties": {
        "id": 253,
        "dataset_size": 1000,
        "x": -560167.7559630194,
        "y": -1073152.1558925912
      }
    },
    {
      "type": "Feature",
      "geometry": {
        "type": "Point",
        "coordinates": [
          -546095.430886921,
          -1059801.0704536778
        ]
      },
      "properties": {
        "id": 254,
        "dataset_size": 1000,
        "x": -546095.430886921,
        "y": -1059801.0704536778
      }
    },
    {
      "type": "Feature",
      "geometry": {
        "type": "Point",
        "coordinates": [
          -521921.92146168277,
          -1137091.9975159375
        ]
      },
      "properties": {
        "id": 255,
        "dataset_size": 1000,
        "x": -521921.92146168277,
        "y": -1137091.9975159375
      }
    },
    {
      "type": "Feature",
      "geometry": {
        "type": "Point",
        "coordinates": [
          -545630.8220983312,
          -1145676.1712301243
        ]
      },
      "properties": {
        "id": 256,
        "dataset_size": 1000,
        "x": -545630.8220983312,
        "y": -1145676.1712301243
      }
    },
    {
      "type": "Feature",
      "geometry": {
        "type": "Point",
        "coordinates": [
          -530330.88095565,
          -1132058.514817522
        ]
      },
      "properties": {
        "id": 257,
        "dataset_size": 1000,
        "x": -530330.88095565,
        "y": -1132058.514817522
      }
    },
    {
      "type": "Feature",
      "geometry": {
        "type": "Point",
        "coordinates": [
          -528452.9012380005,
          -1051319.426594942
        ]
      },
      "properties": {
        "id": 258,
        "dataset_size": 1000,
        "x": -528452.9012380005,
        "y": -1051319.426594942
      }
    },
    {
      "type": "Feature",
      "geometry": {
        "type": "Point",
        "coordinates": [
          -581377.0153623847,
          -1120895.749807745
        ]
      },
      "properties": {
        "id": 259,
        "dataset_size": 1000,
        "x": -581377.0153623847,
        "y": -1120895.749807745
      }
    },
    {
      "type": "Feature",
      "geometry": {
        "type": "Point",
        "coordinates": [
          -549782.3796537187,
          -1078580.1771821056
        ]
      },
      "properties": {
        "id": 260,
        "dataset_size": 1000,
        "x": -549782.3796537187,
        "y": -1078580.1771821056
      }
    },
    {
      "type": "Feature",
      "geometry": {
        "type": "Point",
        "coordinates": [
          -558821.6156634972,
          -1071351.132060589
        ]
      },
      "properties": {
        "id": 261,
        "dataset_size": 1000,
        "x": -558821.6156634972,
        "y": -1071351.132060589
      }
    },
    {
      "type": "Feature",
      "geometry": {
        "type": "Point",
        "coordinates": [
          -565136.1544969889,
          -1097680.6094391092
        ]
      },
      "properties": {
        "id": 262,
        "dataset_size": 1000,
        "x": -565136.1544969889,
        "y": -1097680.6094391092
      }
    },
    {
      "type": "Feature",
      "geometry": {
        "type": "Point",
        "coordinates": [
          -513911.94177687325,
          -1126786.8638332807
        ]
      },
      "properties": {
        "id": 263,
        "dataset_size": 1000,
        "x": -513911.94177687325,
        "y": -1126786.8638332807
      }
    },
    {
      "type": "Feature",
      "geometry": {
        "type": "Point",
        "coordinates": [
          -569318.4883319705,
          -1120787.8506911087
        ]
      },
      "properties": {
        "id": 264,
        "dataset_size": 1000,
        "x": -569318.4883319705,
        "y": -1120787.8506911087
      }
    },
    {
      "type": "Feature",
      "geometry": {
        "type": "Point",
        "coordinates": [
          -558376.7815239107,
          -1124633.3663886224
        ]
      },
      "properties": {
        "id": 265,
        "dataset_size": 1000,
        "x": -558376.7815239107,
        "y": -1124633.3663886224
      }
    },
    {
      "type": "Feature",
      "geometry": {
        "type": "Point",
        "coordinates": [
          -515970.71260857926,
          -1130135.6933943385
        ]
      },
      "properties": {
        "id": 266,
        "dataset_size": 1000,
        "x": -515970.71260857926,
        "y": -1130135.6933943385
      }
    },
    {
      "type": "Feature",
      "geometry": {
        "type": "Point",
        "coordinates": [
          -550537.810935769,
          -1046744.9034774145
        ]
      },
      "properties": {
        "id": 267,
        "dataset_size": 1000,
        "x": -550537.810935769,
        "y": -1046744.9034774145
      }
    },
    {
      "type": "Feature",
      "geometry": {
        "type": "Point",
        "coordinates": [
          -539347.0463638289,
          -1139881.3039209864
        ]
      },
      "properties": {
        "id": 268,
        "dataset_size": 1000,
        "x": -539347.0463638289,
        "y": -1139881.3039209864
      }
    },
    {
      "type": "Feature",
      "geometry": {
        "type": "Point",
        "coordinates": [
          -566405.1718741909,
          -1126349.7397115584
        ]
      },
      "properties": {
        "id": 269,
        "dataset_size": 1000,
        "x": -566405.1718741909,
        "y": -1126349.7397115584
      }
    },
    {
      "type": "Feature",
      "geometry": {
        "type": "Point",
        "coordinates": [
          -572638.8045005371,
          -1093427.4631171222
        ]
      },
      "properties": {
        "id": 270,
        "dataset_size": 1000,
        "x": -572638.8045005371,
        "y": -1093427.4631171222
      }
    },
    {
      "type": "Feature",
      "geometry": {
        "type": "Point",
        "coordinates": [
          -565361.3535956708,
          -1091743.8321846304
        ]
      },
      "properties": {
        "id": 271,
        "dataset_size": 1000,
        "x": -565361.3535956708,
        "y": -1091743.8321846304
      }
    },
    {
      "type": "Feature",
      "geometry": {
        "type": "Point",
        "coordinates": [
          -538199.641140298,
          -1138817.4783979594
        ]
      },
      "properties": {
        "id": 272,
        "dataset_size": 1000,
        "x": -538199.641140298,
        "y": -1138817.4783979594
      }
    },
    {
      "type": "Feature",
      "geometry": {
        "type": "Point",
        "coordinates": [
          -511860.33922906336,
          -1135903.7942120817
        ]
      },
      "properties": {
        "id": 273,
        "dataset_size": 1000,
        "x": -511860.33922906336,
        "y": -1135903.7942120817
      }
    },
    {
      "type": "Feature",
      "geometry": {
        "type": "Point",
        "coordinates": [
          -548299.5766504509,
          -1079155.4197375663
        ]
      },
      "properties": {
        "id": 274,
        "dataset_size": 1000,
        "x": -548299.5766504509,
        "y": -1079155.4197375663
      }
    },
    {
      "type": "Feature",
      "geometry": {
        "type": "Point",
        "coordinates": [
          -549986.6366428772,
          -1147020.7461417436
        ]
      },
      "properties": {
        "id": 275,
        "dataset_size": 1000,
        "x": -549986.6366428772,
        "y": -1147020.7461417436
      }
    },
    {
      "type": "Feature",
      "geometry": {
        "type": "Point",
        "coordinates": [
          -549113.356306359,
          -1146279.657808529
        ]
      },
      "properties": {
        "id": 276,
        "dataset_size": 1000,
        "x": -549113.356306359,
        "y": -1146279.657808529
      }
    },
    {
      "type": "Feature",
      "geometry": {
        "type": "Point",
        "coordinates": [
          -527594.9104855172,
          -1130819.6032256437
        ]
      },
      "properties": {
        "id": 277,
        "dataset_size": 1000,
        "x": -527594.9104855172,
        "y": -1130819.6032256437
      }
    },
    {
      "type": "Feature",
      "geometry": {
        "type": "Point",
        "coordinates": [
          -575542.7850678924,
          -1136084.2296404566
        ]
      },
      "properties": {
        "id": 278,
        "dataset_size": 1000,
        "x": -575542.7850678924,
        "y": -1136084.2296404566
      }
    },
    {
      "type": "Feature",
      "geometry": {
        "type": "Point",
        "coordinates": [
          -551224.57135045,
          -1058509.9884692717
        ]
      },
      "properties": {
        "id": 279,
        "dataset_size": 1000,
        "x": -551224.57135045,
        "y": -1058509.9884692717
      }
    },
    {
      "type": "Feature",
      "geometry": {
        "type": "Point",
        "coordinates": [
          -552164.2833081221,
          -1069210.9457553015
        ]
      },
      "properties": {
        "id": 280,
        "dataset_size": 1000,
        "x": -552164.2833081221,
        "y": -1069210.9457553015
      }
    },
    {
      "type": "Feature",
      "geometry": {
        "type": "Point",
        "coordinates": [
          -564753.1976635454,
          -1124177.8913862035
        ]
      },
      "properties": {
        "id": 281,
        "dataset_size": 1000,
        "x": -564753.1976635454,
        "y": -1124177.8913862035
      }
    },
    {
      "type": "Feature",
      "geometry": {
        "type": "Point",
        "coordinates": [
          -520879.6097374807,
          -1122516.9215839934
        ]
      },
      "properties": {
        "id": 282,
        "dataset_size": 1000,
        "x": -520879.6097374807,
        "y": -1122516.9215839934
      }
    },
    {
      "type": "Feature",
      "geometry": {
        "type": "Point",
        "coordinates": [
          -556963.2660859469,
          -1038781.8991911014
        ]
      },
      "properties": {
        "id": 283,
        "dataset_size": 1000,
        "x": -556963.2660859469,
        "y": -1038781.8991911014
      }
    },
    {
      "type": "Feature",
      "geometry": {
        "type": "Point",
        "coordinates": [
          -539879.1287941221,
          -1131022.957140204
        ]
      },
      "properties": {
        "id": 284,
        "dataset_size": 1000,
        "x": -539879.1287941221,
        "y": -1131022.957140204
      }
    },
    {
      "type": "Feature",
      "geometry": {
        "type": "Point",
        "coordinates": [
          -545963.5316397615,
          -1054261.441202692
        ]
      },
      "properties": {
        "id": 285,
        "dataset_size": 1000,
        "x": -545963.5316397615,
        "y": -1054261.441202692
      }
    },
    {
      "type": "Feature",
      "geometry": {
        "type": "Point",
        "coordinates": [
          -516935.1439494968,
          -1126065.072227302
        ]
      },
      "properties": {
        "id": 286,
        "dataset_size": 1000,
        "x": -516935.1439494968,
        "y": -1126065.072227302
      }
    },
    {
      "type": "Feature",
      "geometry": {
        "type": "Point",
        "coordinates": [
          -553287.1671861326,
          -1153892.7827751106
        ]
      },
      "properties": {
        "id": 287,
        "dataset_size": 1000,
        "x": -553287.1671861326,
        "y": -1153892.7827751106
      }
    },
    {
      "type": "Feature",
      "geometry": {
        "type": "Point",
        "coordinates": [
          -555669.3653940557,
          -1078136.2935504701
        ]
      },
      "properties": {
        "id": 288,
        "dataset_size": 1000,
        "x": -555669.3653940557,
        "y": -1078136.2935504701
      }
    },
    {
      "type": "Feature",
      "geometry": {
        "type": "Point",
        "coordinates": [
          -545407.1600714051,
          -1112741.237543975
        ]
      },
      "properties": {
        "id": 289,
        "dataset_size": 1000,
        "x": -545407.1600714051,
        "y": -1112741.237543975
      }
    },
    {
      "type": "Feature",
      "geometry": {
        "type": "Point",
        "coordinates": [
          -544741.1515766293,
          -1066155.1302583846
        ]
      },
      "properties": {
        "id": 290,
        "dataset_size": 1000,
        "x": -544741.1515766293,
        "y": -1066155.1302583846
      }
    },
    {
      "type": "Feature",
      "geometry": {
        "type": "Point",
        "coordinates": [
          -564069.8842716271,
          -1064600.4067792518
        ]
      },
      "properties": {
        "id": 291,
        "dataset_size": 1000,
        "x": -564069.8842716271,
        "y": -1064600.4067792518
      }
    },
    {
      "type": "Feature",
      "geometry": {
        "type": "Point",
        "coordinates": [
          -538606.9707347539,
          -1143243.342731191
        ]
      },
      "properties": {
        "id": 292,
        "dataset_size": 1000,
        "x": -538606.9707347539,
        "y": -1143243.342731191
      }
    },
    {
      "type": "Feature",
      "geometry": {
        "type": "Point",
        "coordinates": [
          -563030.7560129017,
          -1062428.2551209885
        ]
      },
      "properties": {
        "id": 293,
        "dataset_size": 1000,
        "x": -563030.7560129017,
        "y": -1062428.2551209885
      }
    },
    {
      "type": "Feature",
      "geometry": {
        "type": "Point",
        "coordinates": [
          -558153.595222803,
          -1105277.9847947236
        ]
      },
      "properties": {
        "id": 294,
        "dataset_size": 1000,
        "x": -558153.595222803,
        "y": -1105277.9847947236
      }
    },
    {
      "type": "Feature",
      "geometry": {
        "type": "Point",
        "coordinates": [
          -546618.2795876736,
          -1049900.5064241318
        ]
      },
      "properties": {
        "id": 295,
        "dataset_size": 1000,
        "x": -546618.2795876736,
        "y": -1049900.5064241318
      }
    },
    {
      "type": "Feature",
      "geometry": {
        "type": "Point",
        "coordinates": [
          -540473.6766087441,
          -1041563.2485457088
        ]
      },
      "properties": {
        "id": 296,
        "dataset_size": 1000,
        "x": -540473.6766087441,
        "y": -1041563.2485457088
      }
    },
    {
      "type": "Feature",
      "geometry": {
        "type": "Point",
        "coordinates": [
          -583164.622226339,
          -1123084.351677094
        ]
      },
      "properties": {
        "id": 297,
        "dataset_size": 1000,
        "x": -583164.622226339,
        "y": -1123084.351677094
      }
    },
    {
      "type": "Feature",
      "geometry": {
        "type": "Point",
        "coordinates": [
          -553918.7384837967,
          -1146965.634480306
        ]
      },
      "properties": {
        "id": 298,
        "dataset_size": 1000,
        "x": -553918.7384837967,
        "y": -1146965.634480306
      }
    },
    {
      "type": "Feature",
      "geometry": {
        "type": "Point",
        "coordinates": [
          -526354.8851411431,
          -1124687.3282780042
        ]
      },
      "properties": {
        "id": 299,
        "dataset_size": 1000,
        "x": -526354.8851411431,
        "y": -1124687.3282780042
      }
    },
    {
      "type": "Feature",
      "geometry": {
        "type": "Point",
        "coordinates": [
          -577790.7522603236,
          -1125354.5585169182
        ]
      },
      "properties": {
        "id": 300,
        "dataset_size": 1000,
        "x": -577790.7522603236,
        "y": -1125354.5585169182
      }
    },
    {
      "type": "Feature",
      "geometry": {
        "type": "Point",
        "coordinates": [
          -565306.0620388711,
          -1126236.8625342594
        ]
      },
      "properties": {
        "id": 301,
        "dataset_size": 1000,
        "x": -565306.0620388711,
        "y": -1126236.8625342594
      }
    },
    {
      "type": "Feature",
      "geometry": {
        "type": "Point",
        "coordinates": [
          -547839.28253298,
          -1050027.3231785044
        ]
      },
      "properties": {
        "id": 302,
        "dataset_size": 1000,
        "x": -547839.28253298,
        "y": -1050027.3231785044
      }
    },
    {
      "type": "Feature",
      "geometry": {
        "type": "Point",
        "coordinates": [
          -572418.2232294447,
          -1068792.5390161243
        ]
      },
      "properties": {
        "id": 303,
        "dataset_size": 1000,
        "x": -572418.2232294447,
        "y": -1068792.5390161243
      }
    },
    {
      "type": "Feature",
      "geometry": {
        "type": "Point",
        "coordinates": [
          -564896.8287288811,
          -1075003.9407621718
        ]
      },
      "properties": {
        "id": 304,
        "dataset_size": 1000,
        "x": -564896.8287288811,
        "y": -1075003.9407621718
      }
    },
    {
      "type": "Feature",
      "geometry": {
        "type": "Point",
        "coordinates": [
          -519947.85003818804,
          -1127585.4839154435
        ]
      },
      "properties": {
        "id": 305,
        "dataset_size": 1000,
        "x": -519947.85003818804,
        "y": -1127585.4839154435
      }
    },
    {
      "type": "Feature",
      "geometry": {
        "type": "Point",
        "coordinates": [
          -554906.812144906,
          -1048339.9905040279
        ]
      },
      "properties": {
        "id": 306,
        "dataset_size": 1000,
        "x": -554906.812144906,
        "y": -1048339.9905040279
      }
    },
    {
      "type": "Feature",
      "geometry": {
        "type": "Point",
        "coordinates": [
          -540550.8252559542,
          -1100030.5969127454
        ]
      },
      "properties": {
        "id": 307,
        "dataset_size": 1000,
        "x": -540550.8252559542,
        "y": -1100030.5969127454
      }
    },
    {
      "type": "Feature",
      "geometry": {
        "type": "Point",
        "coordinates": [
          -559455.011053067,
          -1136727.124924752
        ]
      },
      "properties": {
        "id": 308,
        "dataset_size": 1000,
        "x": -559455.011053067,
        "y": -1136727.124924752
      }
    },
    {
      "type": "Feature",
      "geometry": {
        "type": "Point",
        "coordinates": [
          -534382.8075043154,
          -1128815.8045000092
        ]
      },
      "properties": {
        "id": 309,
        "dataset_size": 1000,
        "x": -534382.8075043154,
        "y": -1128815.8045000092
      }
    },
    {
      "type": "Feature",
      "geometry": {
        "type": "Point",
        "coordinates": [
          -548527.1296626063,
          -1050837.9724109946
        ]
      },
      "properties": {
        "id": 310,
        "dataset_size": 1000,
        "x": -548527.1296626063,
        "y": -1050837.9724109946
      }
    },
    {
      "type": "Feature",
      "geometry": {
        "type": "Point",
        "coordinates": [
          -542776.7678438007,
          -1123549.7578343912
        ]
      },
      "properties": {
        "id": 311,
        "dataset_size": 1000,
        "x": -542776.7678438007,
        "y": -1123549.7578343912
      }
    },
    {
      "type": "Feature",
      "geometry": {
        "type": "Point",
        "coordinates": [
          -559352.2934067927,
          -1084061.1172751472
        ]
      },
      "properties": {
        "id": 312,
        "dataset_size": 1000,
        "x": -559352.2934067927,
        "y": -1084061.1172751472
      }
    },
    {
      "type": "Feature",
      "geometry": {
        "type": "Point",
        "coordinates": [
          -518299.7211328033,
          -1124023.3160663603
        ]
      },
      "properties": {
        "id": 313,
        "dataset_size": 1000,
        "x": -518299.7211328033,
        "y": -1124023.3160663603
      }
    },
    {
      "type": "Feature",
      "geometry": {
        "type": "Point",
        "coordinates": [
          -547403.0301596989,
          -1099462.0401003377
        ]
      },
      "properties": {
        "id": 314,
        "dataset_size": 1000,
        "x": -547403.0301596989,
        "y": -1099462.0401003377
      }
    },
    {
      "type": "Feature",
      "geometry": {
        "type": "Point",
        "coordinates": [
          -569936.2923495701,
          -1084125.7243564455
        ]
      },
      "properties": {
        "id": 315,
        "dataset_size": 1000,
        "x": -569936.2923495701,
        "y": -1084125.7243564455
      }
    },
    {
      "type": "Feature",
      "geometry": {
        "type": "Point",
        "coordinates": [
          -559488.131710729,
          -1123188.2704066047
        ]
      },
      "properties": {
        "id": 316,
        "dataset_size": 1000,
        "x": -559488.131710729,
        "y": -1123188.2704066047
      }
    },
    {
      "type": "Feature",
      "geometry": {
        "type": "Point",
        "coordinates": [
          -542693.3349849031,
          -1039222.1950809914
        ]
      },
      "properties": {
        "id": 317,
        "dataset_size": 1000,
        "x": -542693.3349849031,
        "y": -1039222.1950809914
      }
    },
    {
      "type": "Feature",
      "geometry": {
        "type": "Point",
        "coordinates": [
          -549908.9821896056,
          -1057465.9427727282
        ]
      },
      "properties": {
        "id": 318,
        "dataset_size": 1000,
        "x": -549908.9821896056,
        "y": -1057465.9427727282
      }
    },
    {
      "type": "Feature",
      "geometry": {
        "type": "Point",
        "coordinates": [
          -540933.7637746572,
          -1115120.1637513365
        ]
      },
      "properties": {
        "id": 319,
        "dataset_size": 1000,
        "x": -540933.7637746572,
        "y": -1115120.1637513365
      }
    },
    {
      "type": "Feature",
      "geometry": {
        "type": "Point",
        "coordinates": [
          -548819.5767614818,
          -1150719.631663632
        ]
      },
      "properties": {
        "id": 320,
        "dataset_size": 1000,
        "x": -548819.5767614818,
        "y": -1150719.631663632
      }
    },
    {
      "type": "Feature",
      "geometry": {
        "type": "Point",
        "coordinates": [
          -553659.5152539079,
          -1072885.9087768674
        ]
      },
      "properties": {
        "id": 321,
        "dataset_size": 1000,
        "x": -553659.5152539079,
        "y": -1072885.9087768674
      }
    },
    {
      "type": "Feature",
      "geometry": {
        "type": "Point",
        "coordinates": [
          -554441.694399472,
          -1110979.5838890616
        ]
      },
      "properties": {
        "id": 322,
        "dataset_size": 1000,
        "x": -554441.694399472,
        "y": -1110979.5838890616
      }
    },
    {
      "type": "Feature",
      "geometry": {
        "type": "Point",
        "coordinates": [
          -544790.5687432841,
          -1114846.3744622245
        ]
      },
      "properties": {
        "id": 323,
        "dataset_size": 1000,
        "x": -544790.5687432841,
        "y": -1114846.3744622245
      }
    },
    {
      "type": "Feature",
      "geometry": {
        "type": "Point",
        "coordinates": [
          -558808.0552749853,
          -1137863.3261789354
        ]
      },
      "properties": {
        "id": 324,
        "dataset_size": 1000,
        "x": -558808.0552749853,
        "y": -1137863.3261789354
      }
    },
    {
      "type": "Feature",
      "geometry": {
        "type": "Point",
        "coordinates": [
          -544380.508260794,
          -1107260.5822080893
        ]
      },
      "properties": {
        "id": 325,
        "dataset_size": 1000,
        "x": -544380.508260794,
        "y": -1107260.5822080893
      }
    },
    {
      "type": "Feature",
      "geometry": {
        "type": "Point",
        "coordinates": [
          -580324.7258445653,
          -1121887.1429363007
        ]
      },
      "properties": {
        "id": 326,
        "dataset_size": 1000,
        "x": -580324.7258445653,
        "y": -1121887.1429363007
      }
    },
    {
      "type": "Feature",
      "geometry": {
        "type": "Point",
        "coordinates": [
          -538043.0823688309,
          -1101737.9671895774
        ]
      },
      "properties": {
        "id": 327,
        "dataset_size": 1000,
        "x": -538043.0823688309,
        "y": -1101737.9671895774
      }
    },
    {
      "type": "Feature",
      "geometry": {
        "type": "Point",
        "coordinates": [
          -556763.1281584571,
          -1105473.4418988172
        ]
      },
      "properties": {
        "id": 328,
        "dataset_size": 1000,
        "x": -556763.1281584571,
        "y": -1105473.4418988172
      }
    },
    {
      "type": "Feature",
      "geometry": {
        "type": "Point",
        "coordinates": [
          -532193.6645488868,
          -1131998.3238658542
        ]
      },
      "properties": {
        "id": 329,
        "dataset_size": 1000,
        "x": -532193.6645488868,
        "y": -1131998.3238658542
      }
    },
    {
      "type": "Feature",
      "geometry": {
        "type": "Point",
        "coordinates": [
          -533497.6903917602,
          -1049350.1159972947
        ]
      },
      "properties": {
        "id": 330,
        "dataset_size": 1000,
        "x": -533497.6903917602,
        "y": -1049350.1159972947
      }
    },
    {
      "type": "Feature",
      "geometry": {
        "type": "Point",
        "coordinates": [
          -526492.2113407849,
          -1101535.6660012198
        ]
      },
      "properties": {
        "id": 331,
        "dataset_size": 1000,
        "x": -526492.2113407849,
        "y": -1101535.6660012198
      }
    },
    {
      "type": "Feature",
      "geometry": {
        "type": "Point",
        "coordinates": [
          -552964.552231568,
          -1154292.1618194624
        ]
      },
      "properties": {
        "id": 332,
        "dataset_size": 1000,
        "x": -552964.552231568,
        "y": -1154292.1618194624
      }
    },
    {
      "type": "Feature",
      "geometry": {
        "type": "Point",
        "coordinates": [
          -550455.7494927372,
          -1147440.4111003831
        ]
      },
      "properties": {
        "id": 333,
        "dataset_size": 1000,
        "x": -550455.7494927372,
        "y": -1147440.4111003831
      }
    },
    {
      "type": "Feature",
      "geometry": {
        "type": "Point",
        "coordinates": [
          -562537.116325869,
          -1111689.766452689
        ]
      },
      "properties": {
        "id": 334,
        "dataset_size": 1000,
        "x": -562537.116325869,
        "y": -1111689.766452689
      }
    },
    {
      "type": "Feature",
      "geometry": {
        "type": "Point",
        "coordinates": [
          -563065.0215292409,
          -1055230.4989876035
        ]
      },
      "properties": {
        "id": 335,
        "dataset_size": 1000,
        "x": -563065.0215292409,
        "y": -1055230.4989876035
      }
    },
    {
      "type": "Feature",
      "geometry": {
        "type": "Point",
        "coordinates": [
          -551724.7059685165,
          -1034100.7906501503
        ]
      },
      "properties": {
        "id": 336,
        "dataset_size": 1000,
        "x": -551724.7059685165,
        "y": -1034100.7906501503
      }
    },
    {
      "type": "Feature",
      "geometry": {
        "type": "Point",
        "coordinates": [
          -506391.5008759509,
          -1128265.709357447
        ]
      },
      "properties": {
        "id": 337,
        "dataset_size": 1000,
        "x": -506391.5008759509,
        "y": -1128265.709357447
      }
    },
    {
      "type": "Feature",
      "geometry": {
        "type": "Point",
        "coordinates": [
          -541446.1018523955,
          -1096136.1505886838
        ]
      },
      "properties": {
        "id": 338,
        "dataset_size": 1000,
        "x": -541446.1018523955,
        "y": -1096136.1505886838
      }
    },
    {
      "type": "Feature",
      "geometry": {
        "type": "Point",
        "coordinates": [
          -531151.6163841591,
          -1105732.3029266354
        ]
      },
      "properties": {
        "id": 339,
        "dataset_size": 1000,
        "x": -531151.6163841591,
        "y": -1105732.3029266354
      }
    },
    {
      "type": "Feature",
      "geometry": {
        "type": "Point",
        "coordinates": [
          -563495.7568007683,
          -1066245.5776467656
        ]
      },
      "properties": {
        "id": 340,
        "dataset_size": 1000,
        "x": -563495.7568007683,
        "y": -1066245.5776467656
      }
    },
    {
      "type": "Feature",
      "geometry": {
        "type": "Point",
        "coordinates": [
          -553663.1791562289,
          -1033685.3084055348
        ]
      },
      "properties": {
        "id": 341,
        "dataset_size": 1000,
        "x": -553663.1791562289,
        "y": -1033685.3084055348
      }
    },
    {
      "type": "Feature",
      "geometry": {
        "type": "Point",
        "coordinates": [
          -548550.7722127975,
          -1061339.4801541737
        ]
      },
      "properties": {
        "id": 342,
        "dataset_size": 1000,
        "x": -548550.7722127975,
        "y": -1061339.4801541737
      }
    },
    {
      "type": "Feature",
      "geometry": {
        "type": "Point",
        "coordinates": [
          -576875.1072066807,
          -1102953.036233526
        ]
      },
      "properties": {
        "id": 343,
        "dataset_size": 1000,
        "x": -576875.1072066807,
        "y": -1102953.036233526
      }
    },
    {
      "type": "Feature",
      "geometry": {
        "type": "Point",
        "coordinates": [
          -539930.2489460413,
          -1143860.0250533614
        ]
      },
      "properties": {
        "id": 344,
        "dataset_size": 1000,
        "x": -539930.2489460413,
        "y": -1143860.0250533614
      }
    },
    {
      "type": "Feature",
      "geometry": {
        "type": "Point",
        "coordinates": [
          -547828.3001273465,
          -1093382.420907794
        ]
      },
      "properties": {
        "id": 345,
        "dataset_size": 1000,
        "x": -547828.3001273465,
        "y": -1093382.420907794
      }
    },
    {
      "type": "Feature",
      "geometry": {
        "type": "Point",
        "coordinates": [
          -543150.6131552727,
          -1142577.4816601807
        ]
      },
      "properties": {
        "id": 346,
        "dataset_size": 1000,
        "x": -543150.6131552727,
        "y": -1142577.4816601807
      }
    },
    {
      "type": "Feature",
      "geometry": {
        "type": "Point",
        "coordinates": [
          -541352.4835690649,
          -1134044.1485354784
        ]
      },
      "properties": {
        "id": 347,
        "dataset_size": 1000,
        "x": -541352.4835690649,
        "y": -1134044.1485354784
      }
    },
    {
      "type": "Feature",
      "geometry": {
        "type": "Point",
        "coordinates": [
          -561506.0269626724,
          -1035093.3636094863
        ]
      },
      "properties": {
        "id": 348,
        "dataset_size": 1000,
        "x": -561506.0269626724,
        "y": -1035093.3636094863
      }
    },
    {
      "type": "Feature",
      "geometry": {
        "type": "Point",
        "coordinates": [
          -542791.8692234848,
          -1137340.1408129125
        ]
      },
      "properties": {
        "id": 349,
        "dataset_size": 1000,
        "x": -542791.8692234848,
        "y": -1137340.1408129125
      }
    },
    {
      "type": "Feature",
      "geometry": {
        "type": "Point",
        "coordinates": [
          -569693.3006300235,
          -1064734.514803476
        ]
      },
      "properties": {
        "id": 350,
        "dataset_size": 1000,
        "x": -569693.3006300235,
        "y": -1064734.514803476
      }
    },
    {
      "type": "Feature",
      "geometry": {
        "type": "Point",
        "coordinates": [
          -534639.5424428125,
          -1143122.9851746487
        ]
      },
      "properties": {
        "id": 351,
        "dataset_size": 1000,
        "x": -534639.5424428125,
        "y": -1143122.9851746487
      }
    },
    {
      "type": "Feature",
      "geometry": {
        "type": "Point",
        "coordinates": [
          -537472.2512750844,
          -1051786.273408159
        ]
      },
      "properties": {
        "id": 352,
        "dataset_size": 1000,
        "x": -537472.2512750844,
        "y": -1051786.273408159
      }
    },
    {
      "type": "Feature",
      "geometry": {
        "type": "Point",
        "coordinates": [
          -551628.8210945256,
          -1047896.215600141
        ]
      },
      "properties": {
        "id": 353,
        "dataset_size": 1000,
        "x": -551628.8210945256,
        "y": -1047896.215600141
      }
    },
    {
      "type": "Feature",
      "geometry": {
        "type": "Point",
        "coordinates": [
          -530392.9928808114,
          -1111904.8164745483
        ]
      },
      "properties": {
        "id": 354,
        "dataset_size": 1000,
        "x": -530392.9928808114,
        "y": -1111904.8164745483
      }
    },
    {
      "type": "Feature",
      "geometry": {
        "type": "Point",
        "coordinates": [
          -562954.9555173086,
          -1071491.5169991902
        ]
      },
      "properties": {
        "id": 355,
        "dataset_size": 1000,
        "x": -562954.9555173086,
        "y": -1071491.5169991902
      }
    },
    {
      "type": "Feature",
      "geometry": {
        "type": "Point",
        "coordinates": [
          -578098.9708073757,
          -1138088.1875695235
        ]
      },
      "properties": {
        "id": 356,
        "dataset_size": 1000,
        "x": -578098.9708073757,
        "y": -1138088.1875695235
      }
    },
    {
      "type": "Feature",
      "geometry": {
        "type": "Point",
        "coordinates": [
          -556765.289380784,
          -1078830.4323956582
        ]
      },
      "properties": {
        "id": 357,
        "dataset_size": 1000,
        "x": -556765.289380784,
        "y": -1078830.4323956582
      }
    },
    {
      "type": "Feature",
      "geometry": {
        "type": "Point",
        "coordinates": [
          -532996.6726100008,
          -1121700.2312252596
        ]
      },
      "properties": {
        "id": 358,
        "dataset_size": 1000,
        "x": -532996.6726100008,
        "y": -1121700.2312252596
      }
    },
    {
      "type": "Feature",
      "geometry": {
        "type": "Point",
        "coordinates": [
          -544528.4388694006,
          -1124254.7448810346
        ]
      },
      "properties": {
        "id": 359,
        "dataset_size": 1000,
        "x": -544528.4388694006,
        "y": -1124254.7448810346
      }
    },
    {
      "type": "Feature",
      "geometry": {
        "type": "Point",
        "coordinates": [
          -558149.1244322353,
          -1129587.3139864493
        ]
      },
      "properties": {
        "id": 360,
        "dataset_size": 1000,
        "x": -558149.1244322353,
        "y": -1129587.3139864493
      }
    },
    {
      "type": "Feature",
      "geometry": {
        "type": "Point",
        "coordinates": [
          -527664.8449602763,
          -1049228.9651465737
        ]
      },
      "properties": {
        "id": 361,
        "dataset_size": 1000,
        "x": -527664.8449602763,
        "y": -1049228.9651465737
      }
    },
    {
      "type": "Feature",
      "geometry": {
        "type": "Point",
        "coordinates": [
          -549831.3458849759,
          -1042714.6270465447
        ]
      },
      "properties": {
        "id": 362,
        "dataset_size": 1000,
        "x": -549831.3458849759,
        "y": -1042714.6270465447
      }
    },
    {
      "type": "Feature",
      "geometry": {
        "type": "Point",
        "coordinates": [
          -549250.2568598028,
          -1093612.9031244481
        ]
      },
      "properties": {
        "id": 363,
        "dataset_size": 1000,
        "x": -549250.2568598028,
        "y": -1093612.9031244481
      }
    },
    {
      "type": "Feature",
      "geometry": {
        "type": "Point",
        "coordinates": [
          -517995.9535497165,
          -1111076.432548403
        ]
      },
      "properties": {
        "id": 364,
        "dataset_size": 1000,
        "x": -517995.9535497165,
        "y": -1111076.432548403
      }
    },
    {
      "type": "Feature",
      "geometry": {
        "type": "Point",
        "coordinates": [
          -554716.2723871915,
          -1054586.0986495602
        ]
      },
      "properties": {
        "id": 365,
        "dataset_size": 1000,
        "x": -554716.2723871915,
        "y": -1054586.0986495602
      }
    },
    {
      "type": "Feature",
      "geometry": {
        "type": "Point",
        "coordinates": [
          -562837.2476927285,
          -1073750.9694556922
        ]
      },
      "properties": {
        "id": 366,
        "dataset_size": 1000,
        "x": -562837.2476927285,
        "y": -1073750.9694556922
      }
    },
    {
      "type": "Feature",
      "geometry": {
        "type": "Point",
        "coordinates": [
          -558329.4236169615,
          -1089572.0057659117
        ]
      },
      "properties": {
        "id": 367,
        "dataset_size": 1000,
        "x": -558329.4236169615,
        "y": -1089572.0057659117
      }
    },
    {
      "type": "Feature",
      "geometry": {
        "type": "Point",
        "coordinates": [
          -575753.929557399,
          -1091370.1885134168
        ]
      },
      "properties": {
        "id": 368,
        "dataset_size": 1000,
        "x": -575753.929557399,
        "y": -1091370.1885134168
      }
    },
    {
      "type": "Feature",
      "geometry": {
        "type": "Point",
        "coordinates": [
          -504190.0448228509,
          -1126173.4311694587
        ]
      },
      "properties": {
        "id": 369,
        "dataset_size": 1000,
        "x": -504190.0448228509,
        "y": -1126173.4311694587
      }
    },
    {
      "type": "Feature",
      "geometry": {
        "type": "Point",
        "coordinates": [
          -558077.2077582877,
          -1120466.2812947046
        ]
      },
      "properties": {
        "id": 370,
        "dataset_size": 1000,
        "x": -558077.2077582877,
        "y": -1120466.2812947046
      }
    },
    {
      "type": "Feature",
      "geometry": {
        "type": "Point",
        "coordinates": [
          -529044.8550974155,
          -1104750.8712148357
        ]
      },
      "properties": {
        "id": 371,
        "dataset_size": 1000,
        "x": -529044.8550974155,
        "y": -1104750.8712148357
      }
    },
    {
      "type": "Feature",
      "geometry": {
        "type": "Point",
        "coordinates": [
          -522182.49708349456,
          -1144498.2403516572
        ]
      },
      "properties": {
        "id": 372,
        "dataset_size": 1000,
        "x": -522182.49708349456,
        "y": -1144498.2403516572
      }
    },
    {
      "type": "Feature",
      "geometry": {
        "type": "Point",
        "coordinates": [
          -574883.7928945234,
          -1119821.826835063
        ]
      },
      "properties": {
        "id": 373,
        "dataset_size": 1000,
        "x": -574883.7928945234,
        "y": -1119821.826835063
      }
    },
    {
      "type": "Feature",
      "geometry": {
        "type": "Point",
        "coordinates": [
          -529594.9480183766,
          -1111039.5956875118
        ]
      },
      "properties": {
        "id": 374,
        "dataset_size": 1000,
        "x": -529594.9480183766,
        "y": -1111039.5956875118
      }
    },
    {
      "type": "Feature",
      "geometry": {
        "type": "Point",
        "coordinates": [
          -519727.3764980082,
          -1121256.659966333
        ]
      },
      "properties": {
        "id": 375,
        "dataset_size": 1000,
        "x": -519727.3764980082,
        "y": -1121256.659966333
      }
    },
    {
      "type": "Feature",
      "geometry": {
        "type": "Point",
        "coordinates": [
          -566274.7139055531,
          -1107971.4409461853
        ]
      },
      "properties": {
        "id": 376,
        "dataset_size": 1000,
        "x": -566274.7139055531,
        "y": -1107971.4409461853
      }
    },
    {
      "type": "Feature",
      "geometry": {
        "type": "Point",
        "coordinates": [
          -561223.339086415,
          -1030285.761748247
        ]
      },
      "properties": {
        "id": 377,
        "dataset_size": 1000,
        "x": -561223.339086415,
        "y": -1030285.761748247
      }
    },
    {
      "type": "Feature",
      "geometry": {
        "type": "Point",
        "coordinates": [
          -561279.0270725044,
          -1057701.6257444823
        ]
      },
      "properties": {
        "id": 378,
        "dataset_size": 1000,
        "x": -561279.0270725044,
        "y": -1057701.6257444823
      }
    },
    {
      "type": "Feature",
      "geometry": {
        "type": "Point",
        "coordinates": [
          -545462.5072910411,
          -1046112.6878544522
        ]
      },
      "properties": {
        "id": 379,
        "dataset_size": 1000,
        "x": -545462.5072910411,
        "y": -1046112.6878544522
      }
    },
    {
      "type": "Feature",
      "geometry": {
        "type": "Point",
        "coordinates": [
          -544480.8198308239,
          -1135288.9272446143
        ]
      },
      "properties": {
        "id": 380,
        "dataset_size": 1000,
        "x": -544480.8198308239,
        "y": -1135288.9272446143
      }
    },
    {
      "type": "Feature",
      "geometry": {
        "type": "Point",
        "coordinates": [
          -575671.5616018319,
          -1085070.0375926776
        ]
      },
      "properties": {
        "id": 381,
        "dataset_size": 1000,
        "x": -575671.5616018319,
        "y": -1085070.0375926776
      }
    },
    {
      "type": "Feature",
      "geometry": {
        "type": "Point",
        "coordinates": [
          -547149.6996352758,
          -1130318.882952122
        ]
      },
      "properties": {
        "id": 382,
        "dataset_size": 1000,
        "x": -547149.6996352758,
        "y": -1130318.882952122
      }
    },
    {
      "type": "Feature",
      "geometry": {
        "type": "Point",
        "coordinates": [
          -511212.24726988777,
          -1127090.9336125676
        ]
      },
      "properties": {
        "id": 383,
        "dataset_size": 1000,
        "x": -511212.24726988777,
        "y": -1127090.9336125676
      }
    },
    {
      "type": "Feature",
      "geometry": {
        "type": "Point",
        "coordinates": [
          -555258.6502216242,
          -1137913.331810803
        ]
      },
      "properties": {
        "id": 384,
        "dataset_size": 1000,
        "x": -555258.6502216242,
        "y": -1137913.331810803
      }
    },
    {
      "type": "Feature",
      "geometry": {
        "type": "Point",
        "coordinates": [
          -513800.292615696,
          -1128838.8993751544
        ]
      },
      "properties": {
        "id": 385,
        "dataset_size": 1000,
        "x": -513800.292615696,
        "y": -1128838.8993751544
      }
    },
    {
      "type": "Feature",
      "geometry": {
        "type": "Point",
        "coordinates": [
          -534790.9828818137,
          -1145080.7996079922
        ]
      },
      "properties": {
        "id": 386,
        "dataset_size": 1000,
        "x": -534790.9828818137,
        "y": -1145080.7996079922
      }
    },
    {
      "type": "Feature",
      "geometry": {
        "type": "Point",
        "coordinates": [
          -510863.7012916618,
          -1118961.5625148022
        ]
      },
      "properties": {
        "id": 387,
        "dataset_size": 1000,
        "x": -510863.7012916618,
        "y": -1118961.5625148022
      }
    },
    {
      "type": "Feature",
      "geometry": {
        "type": "Point",
        "coordinates": [
          -541425.0358696091,
          -1059322.261016879
        ]
      },
      "properties": {
        "id": 388,
        "dataset_size": 1000,
        "x": -541425.0358696091,
        "y": -1059322.261016879
      }
    },
    {
      "type": "Feature",
      "geometry": {
        "type": "Point",
        "coordinates": [
          -561494.5640992284,
          -1087875.2841434295
        ]
      },
      "properties": {
        "id": 389,
        "dataset_size": 1000,
        "x": -561494.5640992284,
        "y": -1087875.2841434295
      }
    },
    {
      "type": "Feature",
      "geometry": {
        "type": "Point",
        "coordinates": [
          -526293.0347359495,
          -1123593.0343770946
        ]
      },
      "properties": {
        "id": 390,
        "dataset_size": 1000,
        "x": -526293.0347359495,
        "y": -1123593.0343770946
      }
    },
    {
      "type": "Feature",
      "geometry": {
        "type": "Point",
        "coordinates": [
          -539843.1844087939,
          -1098481.48096976
        ]
      },
      "properties": {
        "id": 391,
        "dataset_size": 1000,
        "x": -539843.1844087939,
        "y": -1098481.48096976
      }
    },
    {
      "type": "Feature",
      "geometry": {
        "type": "Point",
        "coordinates": [
          -519044.4908566792,
          -1106365.1018990087
        ]
      },
      "properties": {
        "id": 392,
        "dataset_size": 1000,
        "x": -519044.4908566792,
        "y": -1106365.1018990087
      }
    },
    {
      "type": "Feature",
      "geometry": {
        "type": "Point",
        "coordinates": [
          -575576.5230924294,
          -1089011.9506938274
        ]
      },
      "properties": {
        "id": 393,
        "dataset_size": 1000,
        "x": -575576.5230924294,
        "y": -1089011.9506938274
      }
    },
    {
      "type": "Feature",
      "geometry": {
        "type": "Point",
        "coordinates": [
          -538473.8415680676,
          -1140482.3512286174
        ]
      },
      "properties": {
        "id": 394,
        "dataset_size": 1000,
        "x": -538473.8415680676,
        "y": -1140482.3512286174
      }
    },
    {
      "type": "Feature",
      "geometry": {
        "type": "Point",
        "coordinates": [
          -547769.2135966999,
          -1119242.0603290244
        ]
      },
      "properties": {
        "id": 395,
        "dataset_size": 1000,
        "x": -547769.2135966999,
        "y": -1119242.0603290244
      }
    },
    {
      "type": "Feature",
      "geometry": {
        "type": "Point",
        "coordinates": [
          -550393.2768532526,
          -1137347.3986220257
        ]
      },
      "properties": {
        "id": 396,
        "dataset_size": 1000,
        "x": -550393.2768532526,
        "y": -1137347.3986220257
      }
    },
    {
      "type": "Feature",
      "geometry": {
        "type": "Point",
        "coordinates": [
          -531948.6688819545,
          -1048947.442750353
        ]
      },
      "properties": {
        "id": 397,
        "dataset_size": 1000,
        "x": -531948.6688819545,
        "y": -1048947.442750353
      }
    },
    {
      "type": "Feature",
      "geometry": {
        "type": "Point",
        "coordinates": [
          -552893.6170369838,
          -1116903.8871457125
        ]
      },
      "properties": {
        "id": 398,
        "dataset_size": 1000,
        "x": -552893.6170369838,
        "y": -1116903.8871457125
      }
    },
    {
      "type": "Feature",
      "geometry": {
        "type": "Point",
        "coordinates": [
          -536606.9298564845,
          -1132440.5441302499
        ]
      },
      "properties": {
        "id": 399,
        "dataset_size": 1000,
        "x": -536606.9298564845,
        "y": -1132440.5441302499
      }
    },
    {
      "type": "Feature",
      "geometry": {
        "type": "Point",
        "coordinates": [
          -566470.5495066111,
          -1053984.9578987912
        ]
      },
      "properties": {
        "id": 400,
        "dataset_size": 1000,
        "x": -566470.5495066111,
        "y": -1053984.9578987912
      }
    },
    {
      "type": "Feature",
      "geometry": {
        "type": "Point",
        "coordinates": [
          -519394.9954618169,
          -1133916.7776859135
        ]
      },
      "properties": {
        "id": 401,
        "dataset_size": 1000,
        "x": -519394.9954618169,
        "y": -1133916.7776859135
      }
    },
    {
      "type": "Feature",
      "geometry": {
        "type": "Point",
        "coordinates": [
          -562397.5185287909,
          -1057654.824834261
        ]
      },
      "properties": {
        "id": 402,
        "dataset_size": 1000,
        "x": -562397.5185287909,
        "y": -1057654.824834261
      }
    },
    {
      "type": "Feature",
      "geometry": {
        "type": "Point",
        "coordinates": [
          -570973.9416243144,
          -1099629.9050253436
        ]
      },
      "properties": {
        "id": 403,
        "dataset_size": 1000,
        "x": -570973.9416243144,
        "y": -1099629.9050253436
      }
    },
    {
      "type": "Feature",
      "geometry": {
        "type": "Point",
        "coordinates": [
          -529830.6633626806,
          -1119182.966400075
        ]
      },
      "properties": {
        "id": 404,
        "dataset_size": 1000,
        "x": -529830.6633626806,
        "y": -1119182.966400075
      }
    },
    {
      "type": "Feature",
      "geometry": {
        "type": "Point",
        "coordinates": [
          -549028.7929100186,
          -1138388.9252883666
        ]
      },
      "properties": {
        "id": 405,
        "dataset_size": 1000,
        "x": -549028.7929100186,
        "y": -1138388.9252883666
      }
    },
    {
      "type": "Feature",
      "geometry": {
        "type": "Point",
        "coordinates": [
          -511013.14502555423,
          -1122030.569532179
        ]
      },
      "properties": {
        "id": 406,
        "dataset_size": 1000,
        "x": -511013.14502555423,
        "y": -1122030.569532179
      }
    },
    {
      "type": "Feature",
      "geometry": {
        "type": "Point",
        "coordinates": [
          -551405.7325360569,
          -1068872.118505322
        ]
      },
      "properties": {
        "id": 407,
        "dataset_size": 1000,
        "x": -551405.7325360569,
        "y": -1068872.118505322
      }
    },
    {
      "type": "Feature",
      "geometry": {
        "type": "Point",
        "coordinates": [
          -568476.4194320978,
          -1125784.0048646803
        ]
      },
      "properties": {
        "id": 408,
        "dataset_size": 1000,
        "x": -568476.4194320978,
        "y": -1125784.0048646803
      }
    },
    {
      "type": "Feature",
      "geometry": {
        "type": "Point",
        "coordinates": [
          -545476.9633321355,
          -1051310.8291804981
        ]
      },
      "properties": {
        "id": 409,
        "dataset_size": 1000,
        "x": -545476.9633321355,
        "y": -1051310.8291804981
      }
    },
    {
      "type": "Feature",
      "geometry": {
        "type": "Point",
        "coordinates": [
          -550708.9746079906,
          -1081578.9783122174
        ]
      },
      "properties": {
        "id": 410,
        "dataset_size": 1000,
        "x": -550708.9746079906,
        "y": -1081578.9783122174
      }
    },
    {
      "type": "Feature",
      "geometry": {
        "type": "Point",
        "coordinates": [
          -536494.5174881812,
          -1105235.8093275514
        ]
      },
      "properties": {
        "id": 411,
        "dataset_size": 1000,
        "x": -536494.5174881812,
        "y": -1105235.8093275514
      }
    },
    {
      "type": "Feature",
      "geometry": {
        "type": "Point",
        "coordinates": [
          -530275.0992424563,
          -1047653.9019024101
        ]
      },
      "properties": {
        "id": 412,
        "dataset_size": 1000,
        "x": -530275.0992424563,
        "y": -1047653.9019024101
      }
    },
    {
      "type": "Feature",
      "geometry": {
        "type": "Point",
        "coordinates": [
          -562018.7945518766,
          -1115354.8165772923
        ]
      },
      "properties": {
        "id": 413,
        "dataset_size": 1000,
        "x": -562018.7945518766,
        "y": -1115354.8165772923
      }
    },
    {
      "type": "Feature",
      "geometry": {
        "type": "Point",
        "coordinates": [
          -559615.7676164922,
          -1112117.4326556139
        ]
      },
      "properties": {
        "id": 414,
        "dataset_size": 1000,
        "x": -559615.7676164922,
        "y": -1112117.4326556139
      }
    },
    {
      "type": "Feature",
      "geometry": {
        "type": "Point",
        "coordinates": [
          -548049.2752591094,
          -1118906.3697200255
        ]
      },
      "properties": {
        "id": 415,
        "dataset_size": 1000,
        "x": -548049.2752591094,
        "y": -1118906.3697200255
      }
    },
    {
      "type": "Feature",
      "geometry": {
        "type": "Point",
        "coordinates": [
          -549263.7411988142,
          -1052630.4346327647
        ]
      },
      "properties": {
        "id": 416,
        "dataset_size": 1000,
        "x": -549263.7411988142,
        "y": -1052630.4346327647
      }
    },
    {
      "type": "Feature",
      "geometry": {
        "type": "Point",
        "coordinates": [
          -544676.5090453606,
          -1053935.8417328915
        ]
      },
      "properties": {
        "id": 417,
        "dataset_size": 1000,
        "x": -544676.5090453606,
        "y": -1053935.8417328915
      }
    },
    {
      "type": "Feature",
      "geometry": {
        "type": "Point",
        "coordinates": [
          -508041.9712844689,
          -1132208.4921408154
        ]
      },
      "properties": {
        "id": 418,
        "dataset_size": 1000,
        "x": -508041.9712844689,
        "y": -1132208.4921408154
      }
    },
    {
      "type": "Feature",
      "geometry": {
        "type": "Point",
        "coordinates": [
          -559659.1739648625,
          -1094216.4805795278
        ]
      },
      "properties": {
        "id": 419,
        "dataset_size": 1000,
        "x": -559659.1739648625,
        "y": -1094216.4805795278
      }
    },
    {
      "type": "Feature",
      "geometry": {
        "type": "Point",
        "coordinates": [
          -529425.2519826235,
          -1127375.702131121
        ]
      },
      "properties": {
        "id": 420,
        "dataset_size": 1000,
        "x": -529425.2519826235,
        "y": -1127375.702131121
      }
    },
    {
      "type": "Feature",
      "geometry": {
        "type": "Point",
        "coordinates": [
          -552917.3601614902,
          -1044299.8218326312
        ]
      },
      "properties": {
        "id": 421,
        "dataset_size": 1000,
        "x": -552917.3601614902,
        "y": -1044299.8218326312
      }
    },
    {
      "type": "Feature",
      "geometry": {
        "type": "Point",
        "coordinates": [
          -544875.5992142009,
          -1128932.034535045
        ]
      },
      "properties": {
        "id": 422,
        "dataset_size": 1000,
        "x": -544875.5992142009,
        "y": -1128932.034535045
      }
    },
    {
      "type": "Feature",
      "geometry": {
        "type": "Point",
        "coordinates": [
          -563566.4747068186,
          -1055898.5318433614
        ]
      },
      "properties": {
        "id": 423,
        "dataset_size": 1000,
        "x": -563566.4747068186,
        "y": -1055898.5318433614
      }
    },
    {
      "type": "Feature",
      "geometry": {
        "type": "Point",
        "coordinates": [
          -559241.8781305953,
          -1134226.2165704125
        ]
      },
      "properties": {
        "id": 424,
        "dataset_size": 1000,
        "x": -559241.8781305953,
        "y": -1134226.2165704125
      }
    },
    {
      "type": "Feature",
      "geometry": {
        "type": "Point",
        "coordinates": [
          -561500.9161700543,
          -1107026.2333027348
        ]
      },
      "properties": {
        "id": 425,
        "dataset_size": 1000,
        "x": -561500.9161700543,
        "y": -1107026.2333027348
      }
    },
    {
      "type": "Feature",
      "geometry": {
        "type": "Point",
        "coordinates": [
          -552924.926340871,
          -1114791.3903261889
        ]
      },
      "properties": {
        "id": 426,
        "dataset_size": 1000,
        "x": -552924.926340871,
        "y": -1114791.3903261889
      }
    },
    {
      "type": "Feature",
      "geometry": {
        "type": "Point",
        "coordinates": [
          -537984.0755014411,
          -1133238.4827601127
        ]
      },
      "properties": {
        "id": 427,
        "dataset_size": 1000,
        "x": -537984.0755014411,
        "y": -1133238.4827601127
      }
    },
    {
      "type": "Feature",
      "geometry": {
        "type": "Point",
        "coordinates": [
          -542114.1107112746,
          -1133503.148156409
        ]
      },
      "properties": {
        "id": 428,
        "dataset_size": 1000,
        "x": -542114.1107112746,
        "y": -1133503.148156409
      }
    },
    {
      "type": "Feature",
      "geometry": {
        "type": "Point",
        "coordinates": [
          -519494.6716591139,
          -1108411.3929287763
        ]
      },
      "properties": {
        "id": 429,
        "dataset_size": 1000,
        "x": -519494.6716591139,
        "y": -1108411.3929287763
      }
    },
    {
      "type": "Feature",
      "geometry": {
        "type": "Point",
        "coordinates": [
          -570820.6465777005,
          -1119744.7659348934
        ]
      },
      "properties": {
        "id": 430,
        "dataset_size": 1000,
        "x": -570820.6465777005,
        "y": -1119744.7659348934
      }
    },
    {
      "type": "Feature",
      "geometry": {
        "type": "Point",
        "coordinates": [
          -557105.0323607892,
          -1118381.3476737055
        ]
      },
      "properties": {
        "id": 431,
        "dataset_size": 1000,
        "x": -557105.0323607892,
        "y": -1118381.3476737055
      }
    },
    {
      "type": "Feature",
      "geometry": {
        "type": "Point",
        "coordinates": [
          -543371.3523500429,
          -1133018.58604286
        ]
      },
      "properties": {
        "id": 432,
        "dataset_size": 1000,
        "x": -543371.3523500429,
        "y": -1133018.58604286
      }
    },
    {
      "type": "Feature",
      "geometry": {
        "type": "Point",
        "coordinates": [
          -569672.11071464,
          -1125074.0016660385
        ]
      },
      "properties": {
        "id": 433,
        "dataset_size": 1000,
        "x": -569672.11071464,
        "y": -1125074.0016660385
      }
    },
    {
      "type": "Feature",
      "geometry": {
        "type": "Point",
        "coordinates": [
          -545534.9560468668,
          -1112992.2171013893
        ]
      },
      "properties": {
        "id": 434,
        "dataset_size": 1000,
        "x": -545534.9560468668,
        "y": -1112992.2171013893
      }
    },
    {
      "type": "Feature",
      "geometry": {
        "type": "Point",
        "coordinates": [
          -561371.4751605679,
          -1072356.6919907825
        ]
      },
      "properties": {
        "id": 435,
        "dataset_size": 1000,
        "x": -561371.4751605679,
        "y": -1072356.6919907825
      }
    },
    {
      "type": "Feature",
      "geometry": {
        "type": "Point",
        "coordinates": [
          -549569.5910882207,
          -1154001.7595543072
        ]
      },
      "properties": {
        "id": 436,
        "dataset_size": 1000,
        "x": -549569.5910882207,
        "y": -1154001.7595543072
      }
    },
    {
      "type": "Feature",
      "geometry": {
        "type": "Point",
        "coordinates": [
          -548652.113632334,
          -1139984.7784352668
        ]
      },
      "properties": {
        "id": 437,
        "dataset_size": 1000,
        "x": -548652.113632334,
        "y": -1139984.7784352668
      }
    },
    {
      "type": "Feature",
      "geometry": {
        "type": "Point",
        "coordinates": [
          -549207.3249828081,
          -1035025.0746473828
        ]
      },
      "properties": {
        "id": 438,
        "dataset_size": 1000,
        "x": -549207.3249828081,
        "y": -1035025.0746473828
      }
    },
    {
      "type": "Feature",
      "geometry": {
        "type": "Point",
        "coordinates": [
          -575008.8295818234,
          -1114894.5377518556
        ]
      },
      "properties": {
        "id": 439,
        "dataset_size": 1000,
        "x": -575008.8295818234,
        "y": -1114894.5377518556
      }
    },
    {
      "type": "Feature",
      "geometry": {
        "type": "Point",
        "coordinates": [
          -575959.8060214113,
          -1081892.4276530633
        ]
      },
      "properties": {
        "id": 440,
        "dataset_size": 1000,
        "x": -575959.8060214113,
        "y": -1081892.4276530633
      }
    },
    {
      "type": "Feature",
      "geometry": {
        "type": "Point",
        "coordinates": [
          -537861.8088729178,
          -1055470.8224946149
        ]
      },
      "properties": {
        "id": 441,
        "dataset_size": 1000,
        "x": -537861.8088729178,
        "y": -1055470.8224946149
      }
    },
    {
      "type": "Feature",
      "geometry": {
        "type": "Point",
        "coordinates": [
          -533844.4392559886,
          -1136602.4747381252
        ]
      },
      "properties": {
        "id": 442,
        "dataset_size": 1000,
        "x": -533844.4392559886,
        "y": -1136602.4747381252
      }
    },
    {
      "type": "Feature",
      "geometry": {
        "type": "Point",
        "coordinates": [
          -581254.4254448413,
          -1124020.7904881083
        ]
      },
      "properties": {
        "id": 443,
        "dataset_size": 1000,
        "x": -581254.4254448413,
        "y": -1124020.7904881083
      }
    },
    {
      "type": "Feature",
      "geometry": {
        "type": "Point",
        "coordinates": [
          -577141.3473437575,
          -1094660.274356774
        ]
      },
      "properties": {
        "id": 444,
        "dataset_size": 1000,
        "x": -577141.3473437575,
        "y": -1094660.274356774
      }
    },
    {
      "type": "Feature",
      "geometry": {
        "type": "Point",
        "coordinates": [
          -559778.4395297709,
          -1118277.1802436854
        ]
      },
      "properties": {
        "id": 445,
        "dataset_size": 1000,
        "x": -559778.4395297709,
        "y": -1118277.1802436854
      }
    },
    {
      "type": "Feature",
      "geometry": {
        "type": "Point",
        "coordinates": [
          -546159.2824029254,
          -1142349.7544569366
        ]
      },
      "properties": {
        "id": 446,
        "dataset_size": 1000,
        "x": -546159.2824029254,
        "y": -1142349.7544569366
      }
    },
    {
      "type": "Feature",
      "geometry": {
        "type": "Point",
        "coordinates": [
          -519281.5865659914,
          -1111332.4501810174
        ]
      },
      "properties": {
        "id": 447,
        "dataset_size": 1000,
        "x": -519281.5865659914,
        "y": -1111332.4501810174
      }
    },
    {
      "type": "Feature",
      "geometry": {
        "type": "Point",
        "coordinates": [
          -543888.6168310132,
          -1146698.6147973044
        ]
      },
      "properties": {
        "id": 448,
        "dataset_size": 1000,
        "x": -543888.6168310132,
        "y": -1146698.6147973044
      }
    },
    {
      "type": "Feature",
      "geometry": {
        "type": "Point",
        "coordinates": [
          -547809.3520992291,
          -1033031.2914686807
        ]
      },
      "properties": {
        "id": 449,
        "dataset_size": 1000,
        "x": -547809.3520992291,
        "y": -1033031.2914686807
      }
    },
    {
      "type": "Feature",
      "geometry": {
        "type": "Point",
        "coordinates": [
          -554877.1557731073,
          -1136315.0482882764
        ]
      },
      "properties": {
        "id": 450,
        "dataset_size": 1000,
        "x": -554877.1557731073,
        "y": -1136315.0482882764
      }
    },
    {
      "type": "Feature",
      "geometry": {
        "type": "Point",
        "coordinates": [
          -560860.1467986711,
          -1097895.8303076709
        ]
      },
      "properties": {
        "id": 451,
        "dataset_size": 1000,
        "x": -560860.1467986711,
        "y": -1097895.8303076709
      }
    },
    {
      "type": "Feature",
      "geometry": {
        "type": "Point",
        "coordinates": [
          -575752.4032030908,
          -1101234.225731756
        ]
      },
      "properties": {
        "id": 452,
        "dataset_size": 1000,
        "x": -575752.4032030908,
        "y": -1101234.225731756
      }
    },
    {
      "type": "Feature",
      "geometry": {
        "type": "Point",
        "coordinates": [
          -540786.8330789802,
          -1057280.9065183508
        ]
      },
      "properties": {
        "id": 453,
        "dataset_size": 1000,
        "x": -540786.8330789802,
        "y": -1057280.9065183508
      }
    },
    {
      "type": "Feature",
      "geometry": {
        "type": "Point",
        "coordinates": [
          -569907.4676185077,
          -1120207.7287394935
        ]
      },
      "properties": {
        "id": 454,
        "dataset_size": 1000,
        "x": -569907.4676185077,
        "y": -1120207.7287394935
      }
    },
    {
      "type": "Feature",
      "geometry": {
        "type": "Point",
        "coordinates": [
          -550374.9716316912,
          -1137348.2973403241
        ]
      },
      "properties": {
        "id": 455,
        "dataset_size": 1000,
        "x": -550374.9716316912,
        "y": -1137348.2973403241
      }
    },
    {
      "type": "Feature",
      "geometry": {
        "type": "Point",
        "coordinates": [
          -554337.2411438893,
          -1029696.4232123931
        ]
      },
      "properties": {
        "id": 456,
        "dataset_size": 1000,
        "x": -554337.2411438893,
        "y": -1029696.4232123931
      }
    },
    {
      "type": "Feature",
      "geometry": {
        "type": "Point",
        "coordinates": [
          -551431.1302488351,
          -1047496.247146108
        ]
      },
      "properties": {
        "id": 457,
        "dataset_size": 1000,
        "x": -551431.1302488351,
        "y": -1047496.247146108
      }
    },
    {
      "type": "Feature",
      "geometry": {
        "type": "Point",
        "coordinates": [
          -532395.6682476841,
          -1122388.505155997
        ]
      },
      "properties": {
        "id": 458,
        "dataset_size": 1000,
        "x": -532395.6682476841,
        "y": -1122388.505155997
      }
    },
    {
      "type": "Feature",
      "geometry": {
        "type": "Point",
        "coordinates": [
          -548453.624397495,
          -1107118.7244341143
        ]
      },
      "properties": {
        "id": 459,
        "dataset_size": 1000,
        "x": -548453.624397495,
        "y": -1107118.7244341143
      }
    },
    {
      "type": "Feature",
      "geometry": {
        "type": "Point",
        "coordinates": [
          -555586.207489759,
          -1110086.7716127555
        ]
      },
      "properties": {
        "id": 460,
        "dataset_size": 1000,
        "x": -555586.207489759,
        "y": -1110086.7716127555
      }
    },
    {
      "type": "Feature",
      "geometry": {
        "type": "Point",
        "coordinates": [
          -542594.3648373568,
          -1048373.1546453702
        ]
      },
      "properties": {
        "id": 461,
        "dataset_size": 1000,
        "x": -542594.3648373568,
        "y": -1048373.1546453702
      }
    },
    {
      "type": "Feature",
      "geometry": {
        "type": "Point",
        "coordinates": [
          -569085.8773664084,
          -1068446.8207990509
        ]
      },
      "properties": {
        "id": 462,
        "dataset_size": 1000,
        "x": -569085.8773664084,
        "y": -1068446.8207990509
      }
    },
    {
      "type": "Feature",
      "geometry": {
        "type": "Point",
        "coordinates": [
          -556096.6632190766,
          -1093824.9437327897
        ]
      },
      "properties": {
        "id": 463,
        "dataset_size": 1000,
        "x": -556096.6632190766,
        "y": -1093824.9437327897
      }
    },
    {
      "type": "Feature",
      "geometry": {
        "type": "Point",
        "coordinates": [
          -543742.5151562886,
          -1097037.097615076
        ]
      },
      "properties": {
        "id": 464,
        "dataset_size": 1000,
        "x": -543742.5151562886,
        "y": -1097037.097615076
      }
    },
    {
      "type": "Feature",
      "geometry": {
        "type": "Point",
        "coordinates": [
          -514588.68098395085,
          -1107338.2290063584
        ]
      },
      "properties": {
        "id": 465,
        "dataset_size": 1000,
        "x": -514588.68098395085,
        "y": -1107338.2290063584
      }
    },
    {
      "type": "Feature",
      "geometry": {
        "type": "Point",
        "coordinates": [
          -560832.3921885295,
          -1059824.2996681868
        ]
      },
      "properties": {
        "id": 466,
        "dataset_size": 1000,
        "x": -560832.3921885295,
        "y": -1059824.2996681868
      }
    },
    {
      "type": "Feature",
      "geometry": {
        "type": "Point",
        "coordinates": [
          -515528.16606588475,
          -1139521.6489919233
        ]
      },
      "properties": {
        "id": 467,
        "dataset_size": 1000,
        "x": -515528.16606588475,
        "y": -1139521.6489919233
      }
    },
    {
      "type": "Feature",
      "geometry": {
        "type": "Point",
        "coordinates": [
          -541845.7315607732,
          -1062663.2874969766
        ]
      },
      "properties": {
        "id": 468,
        "dataset_size": 1000,
        "x": -541845.7315607732,
        "y": -1062663.2874969766
      }
    },
    {
      "type": "Feature",
      "geometry": {
        "type": "Point",
        "coordinates": [
          -514252.3065812501,
          -1125318.124770266
        ]
      },
      "properties": {
        "id": 469,
        "dataset_size": 1000,
        "x": -514252.3065812501,
        "y": -1125318.124770266
      }
    },
    {
      "type": "Feature",
      "geometry": {
        "type": "Point",
        "coordinates": [
          -548859.1777910062,
          -1078732.2455120124
        ]
      },
      "properties": {
        "id": 470,
        "dataset_size": 1000,
        "x": -548859.1777910062,
        "y": -1078732.2455120124
      }
    },
    {
      "type": "Feature",
      "geometry": {
        "type": "Point",
        "coordinates": [
          -557576.6646846739,
          -1058849.0420548343
        ]
      },
      "properties": {
        "id": 471,
        "dataset_size": 1000,
        "x": -557576.6646846739,
        "y": -1058849.0420548343
      }
    },
    {
      "type": "Feature",
      "geometry": {
        "type": "Point",
        "coordinates": [
          -562170.6130086163,
          -1089285.2590820265
        ]
      },
      "properties": {
        "id": 472,
        "dataset_size": 1000,
        "x": -562170.6130086163,
        "y": -1089285.2590820265
      }
    },
    {
      "type": "Feature",
      "geometry": {
        "type": "Point",
        "coordinates": [
          -528619.6750255141,
          -1095558.3717537676
        ]
      },
      "properties": {
        "id": 473,
        "dataset_size": 1000,
        "x": -528619.6750255141,
        "y": -1095558.3717537676
      }
    },
    {
      "type": "Feature",
      "geometry": {
        "type": "Point",
        "coordinates": [
          -575923.9858017312,
          -1109820.0991097654
        ]
      },
      "properties": {
        "id": 474,
        "dataset_size": 1000,
        "x": -575923.9858017312,
        "y": -1109820.0991097654
      }
    },
    {
      "type": "Feature",
      "geometry": {
        "type": "Point",
        "coordinates": [
          -529024.0801675312,
          -1122845.623012882
        ]
      },
      "properties": {
        "id": 475,
        "dataset_size": 1000,
        "x": -529024.0801675312,
        "y": -1122845.623012882
      }
    },
    {
      "type": "Feature",
      "geometry": {
        "type": "Point",
        "coordinates": [
          -553393.9345887355,
          -1080285.9455644155
        ]
      },
      "properties": {
        "id": 476,
        "dataset_size": 1000,
        "x": -553393.9345887355,
        "y": -1080285.9455644155
      }
    },
    {
      "type": "Feature",
      "geometry": {
        "type": "Point",
        "coordinates": [
          -544442.5218035297,
          -1114033.2980021832
        ]
      },
      "properties": {
        "id": 477,
        "dataset_size": 1000,
        "x": -544442.5218035297,
        "y": -1114033.2980021832
      }
    },
    {
      "type": "Feature",
      "geometry": {
        "type": "Point",
        "coordinates": [
          -514642.2233520943,
          -1130857.496135246
        ]
      },
      "properties": {
        "id": 478,
        "dataset_size": 1000,
        "x": -514642.2233520943,
        "y": -1130857.496135246
      }
    },
    {
      "type": "Feature",
      "geometry": {
        "type": "Point",
        "coordinates": [
          -564895.130765554,
          -1068353.4236543593
        ]
      },
      "properties": {
        "id": 479,
        "dataset_size": 1000,
        "x": -564895.130765554,
        "y": -1068353.4236543593
      }
    },
    {
      "type": "Feature",
      "geometry": {
        "type": "Point",
        "coordinates": [
          -552951.4855927853,
          -1099523.9966663285
        ]
      },
      "properties": {
        "id": 480,
        "dataset_size": 1000,
        "x": -552951.4855927853,
        "y": -1099523.9966663285
      }
    },
    {
      "type": "Feature",
      "geometry": {
        "type": "Point",
        "coordinates": [
          -533235.2647015933,
          -1097634.213315442
        ]
      },
      "properties": {
        "id": 481,
        "dataset_size": 1000,
        "x": -533235.2647015933,
        "y": -1097634.213315442
      }
    },
    {
      "type": "Feature",
      "geometry": {
        "type": "Point",
        "coordinates": [
          -562590.3070265457,
          -1099065.2247583582
        ]
      },
      "properties": {
        "id": 482,
        "dataset_size": 1000,
        "x": -562590.3070265457,
        "y": -1099065.2247583582
      }
    },
    {
      "type": "Feature",
      "geometry": {
        "type": "Point",
        "coordinates": [
          -579571.9785929355,
          -1089448.0589119561
        ]
      },
      "properties": {
        "id": 483,
        "dataset_size": 1000,
        "x": -579571.9785929355,
        "y": -1089448.0589119561
      }
    },
    {
      "type": "Feature",
      "geometry": {
        "type": "Point",
        "coordinates": [
          -502123.68519498326,
          -1132137.597055631
        ]
      },
      "properties": {
        "id": 484,
        "dataset_size": 1000,
        "x": -502123.68519498326,
        "y": -1132137.597055631
      }
    },
    {
      "type": "Feature",
      "geometry": {
        "type": "Point",
        "coordinates": [
          -541995.4500091528,
          -1105312.8817922939
        ]
      },
      "properties": {
        "id": 485,
        "dataset_size": 1000,
        "x": -541995.4500091528,
        "y": -1105312.8817922939
      }
    },
    {
      "type": "Feature",
      "geometry": {
        "type": "Point",
        "coordinates": [
          -542387.0297365986,
          -1105441.3130869209
        ]
      },
      "properties": {
        "id": 486,
        "dataset_size": 1000,
        "x": -542387.0297365986,
        "y": -1105441.3130869209
      }
    },
    {
      "type": "Feature",
      "geometry": {
        "type": "Point",
        "coordinates": [
          -529512.7712837005,
          -1125002.2802402694
        ]
      },
      "properties": {
        "id": 487,
        "dataset_size": 1000,
        "x": -529512.7712837005,
        "y": -1125002.2802402694
      }
    },
    {
      "type": "Feature",
      "geometry": {
        "type": "Point",
        "coordinates": [
          -567741.2648888914,
          -1057246.8524192066
        ]
      },
      "properties": {
        "id": 488,
        "dataset_size": 1000,
        "x": -567741.2648888914,
        "y": -1057246.8524192066
      }
    },
    {
      "type": "Feature",
      "geometry": {
        "type": "Point",
        "coordinates": [
          -547319.878258977,
          -1093284.7857618341
        ]
      },
      "properties": {
        "id": 489,
        "dataset_size": 1000,
        "x": -547319.878258977,
        "y": -1093284.7857618341
      }
    },
    {
      "type": "Feature",
      "geometry": {
        "type": "Point",
        "coordinates": [
          -539158.7810178178,
          -1129385.2578843755
        ]
      },
      "properties": {
        "id": 490,
        "dataset_size": 1000,
        "x": -539158.7810178178,
        "y": -1129385.2578843755
      }
    },
    {
      "type": "Feature",
      "geometry": {
        "type": "Point",
        "coordinates": [
          -552866.802251663,
          -1153324.7751554686
        ]
      },
      "properties": {
        "id": 491,
        "dataset_size": 1000,
        "x": -552866.802251663,
        "y": -1153324.7751554686
      }
    },
    {
      "type": "Feature",
      "geometry": {
        "type": "Point",
        "coordinates": [
          -575781.057141356,
          -1138660.8163390327
        ]
      },
      "properties": {
        "id": 492,
        "dataset_size": 1000,
        "x": -575781.057141356,
        "y": -1138660.8163390327
      }
    },
    {
      "type": "Feature",
      "geometry": {
        "type": "Point",
        "coordinates": [
          -554295.6036375319,
          -1125654.183967983
        ]
      },
      "properties": {
        "id": 493,
        "dataset_size": 1000,
        "x": -554295.6036375319,
        "y": -1125654.183967983
      }
    },
    {
      "type": "Feature",
      "geometry": {
        "type": "Point",
        "coordinates": [
          -563830.8122054479,
          -1028599.6815862167
        ]
      },
      "properties": {
        "id": 494,
        "dataset_size": 1000,
        "x": -563830.8122054479,
        "y": -1028599.6815862167
      }
    },
    {
      "type": "Feature",
      "geometry": {
        "type": "Point",
        "coordinates": [
          -552357.5076708541,
          -1082859.0914044185
        ]
      },
      "properties": {
        "id": 495,
        "dataset_size": 1000,
        "x": -552357.5076708541,
        "y": -1082859.0914044185
      }
    },
    {
      "type": "Feature",
      "geometry": {
        "type": "Point",
        "coordinates": [
          -574590.7021187893,
          -1108252.0615504729
        ]
      },
      "properties": {
        "id": 496,
        "dataset_size": 1000,
        "x": -574590.7021187893,
        "y": -1108252.0615504729
      }
    },
    {
      "type": "Feature",
      "geometry": {
        "type": "Point",
        "coordinates": [
          -513964.95317434147,
          -1120526.5168087794
        ]
      },
      "properties": {
        "id": 497,
        "dataset_size": 1000,
        "x": -513964.95317434147,
        "y": -1120526.5168087794
      }
    },
    {
      "type": "Feature",
      "geometry": {
        "type": "Point",
        "coordinates": [
          -548025.3692201438,
          -1131619.8391482367
        ]
      },
      "properties": {
        "id": 498,
        "dataset_size": 1000,
        "x": -548025.3692201438,
        "y": -1131619.8391482367
      }
    },
    {
      "type": "Feature",
      "geometry": {
        "type": "Point",
        "coordinates": [
          -571000.8246570645,
          -1126307.689849656
        ]
      },
      "properties": {
        "id": 499,
        "dataset_size": 1000,
        "x": -571000.8246570645,
        "y": -1126307.689849656
      }
    },
    {
      "type": "Feature",
      "geometry": {
        "type": "Point",
        "coordinates": [
          -510102.2556641059,
          -1126458.246260893
        ]
      },
      "properties": {
        "id": 500,
        "dataset_size": 1000,
        "x": -510102.2556641059,
        "y": -1126458.246260893
      }
    },
    {
      "type": "Feature",
      "geometry": {
        "type": "Point",
        "coordinates": [
          -578776.04716767,
          -1126323.0224872574
        ]
      },
      "properties": {
        "id": 501,
        "dataset_size": 1000,
        "x": -578776.04716767,
        "y": -1126323.0224872574
      }
    },
    {
      "type": "Feature",
      "geometry": {
        "type": "Point",
        "coordinates": [
          -516050.3705260876,
          -1133976.666973391
        ]
      },
      "properties": {
        "id": 502,
        "dataset_size": 1000,
        "x": -516050.3705260876,
        "y": -1133976.666973391
      }
    },
    {
      "type": "Feature",
      "geometry": {
        "type": "Point",
        "coordinates": [
          -557147.6444154417,
          -1040460.1978553553
        ]
      },
      "properties": {
        "id": 503,
        "dataset_size": 1000,
        "x": -557147.6444154417,
        "y": -1040460.1978553553
      }
    },
    {
      "type": "Feature",
      "geometry": {
        "type": "Point",
        "coordinates": [
          -522967.42743955244,
          -1114615.4176464134
        ]
      },
      "properties": {
        "id": 504,
        "dataset_size": 1000,
        "x": -522967.42743955244,
        "y": -1114615.4176464134
      }
    },
    {
      "type": "Feature",
      "geometry": {
        "type": "Point",
        "coordinates": [
          -554697.3413541901,
          -1048675.3684977246
        ]
      },
      "properties": {
        "id": 505,
        "dataset_size": 1000,
        "x": -554697.3413541901,
        "y": -1048675.3684977246
      }
    },
    {
      "type": "Feature",
      "geometry": {
        "type": "Point",
        "coordinates": [
          -539898.634849257,
          -1039695.3954754312
        ]
      },
      "properties": {
        "id": 506,
        "dataset_size": 1000,
        "x": -539898.634849257,
        "y": -1039695.3954754312
      }
    },
    {
      "type": "Feature",
      "geometry": {
        "type": "Point",
        "coordinates": [
          -560301.6494510677,
          -1112843.448872973
        ]
      },
      "properties": {
        "id": 507,
        "dataset_size": 1000,
        "x": -560301.6494510677,
        "y": -1112843.448872973
      }
    },
    {
      "type": "Feature",
      "geometry": {
        "type": "Point",
        "coordinates": [
          -575455.5480748649,
          -1136660.30100422
        ]
      },
      "properties": {
        "id": 508,
        "dataset_size": 1000,
        "x": -575455.5480748649,
        "y": -1136660.30100422
      }
    },
    {
      "type": "Feature",
      "geometry": {
        "type": "Point",
        "coordinates": [
          -566255.3594610789,
          -1052499.639223085
        ]
      },
      "properties": {
        "id": 509,
        "dataset_size": 1000,
        "x": -566255.3594610789,
        "y": -1052499.639223085
      }
    },
    {
      "type": "Feature",
      "geometry": {
        "type": "Point",
        "coordinates": [
          -539937.3014268288,
          -1119959.6660571976
        ]
      },
      "properties": {
        "id": 510,
        "dataset_size": 1000,
        "x": -539937.3014268288,
        "y": -1119959.6660571976
      }
    },
    {
      "type": "Feature",
      "geometry": {
        "type": "Point",
        "coordinates": [
          -570699.849741693,
          -1102518.9056725393
        ]
      },
      "properties": {
        "id": 511,
        "dataset_size": 1000,
        "x": -570699.849741693,
        "y": -1102518.9056725393
      }
    },
    {
      "type": "Feature",
      "geometry": {
        "type": "Point",
        "coordinates": [
          -565114.1714932241,
          -1138691.5013357708
        ]
      },
      "properties": {
        "id": 512,
        "dataset_size": 1000,
        "x": -565114.1714932241,
        "y": -1138691.5013357708
      }
    },
    {
      "type": "Feature",
      "geometry": {
        "type": "Point",
        "coordinates": [
          -524990.3732714067,
          -1117227.2161066744
        ]
      },
      "properties": {
        "id": 513,
        "dataset_size": 1000,
        "x": -524990.3732714067,
        "y": -1117227.2161066744
      }
    },
    {
      "type": "Feature",
      "geometry": {
        "type": "Point",
        "coordinates": [
          -515800.2441843099,
          -1106889.9653117498
        ]
      },
      "properties": {
        "id": 514,
        "dataset_size": 1000,
        "x": -515800.2441843099,
        "y": -1106889.9653117498
      }
    },
    {
      "type": "Feature",
      "geometry": {
        "type": "Point",
        "coordinates": [
          -536486.3519339808,
          -1129526.5160188016
        ]
      },
      "properties": {
        "id": 515,
        "dataset_size": 1000,
        "x": -536486.3519339808,
        "y": -1129526.5160188016
      }
    },
    {
      "type": "Feature",
      "geometry": {
        "type": "Point",
        "coordinates": [
          -577917.268504518,
          -1136654.083275285
        ]
      },
      "properties": {
        "id": 516,
        "dataset_size": 1000,
        "x": -577917.268504518,
        "y": -1136654.083275285
      }
    },
    {
      "type": "Feature",
      "geometry": {
        "type": "Point",
        "coordinates": [
          -572679.3879043824,
          -1104977.4873161493
        ]
      },
      "properties": {
        "id": 517,
        "dataset_size": 1000,
        "x": -572679.3879043824,
        "y": -1104977.4873161493
      }
    },
    {
      "type": "Feature",
      "geometry": {
        "type": "Point",
        "coordinates": [
          -520285.01829731296,
          -1133853.5719782414
        ]
      },
      "properties": {
        "id": 518,
        "dataset_size": 1000,
        "x": -520285.01829731296,
        "y": -1133853.5719782414
      }
    },
    {
      "type": "Feature",
      "geometry": {
        "type": "Point",
        "coordinates": [
          -515019.67028083745,
          -1122989.063643625
        ]
      },
      "properties": {
        "id": 519,
        "dataset_size": 1000,
        "x": -515019.67028083745,
        "y": -1122989.063643625
      }
    },
    {
      "type": "Feature",
      "geometry": {
        "type": "Point",
        "coordinates": [
          -544307.110144233,
          -1058633.4149311509
        ]
      },
      "properties": {
        "id": 520,
        "dataset_size": 1000,
        "x": -544307.110144233,
        "y": -1058633.4149311509
      }
    },
    {
      "type": "Feature",
      "geometry": {
        "type": "Point",
        "coordinates": [
          -564686.8606090982,
          -1107430.7265482203
        ]
      },
      "properties": {
        "id": 521,
        "dataset_size": 1000,
        "x": -564686.8606090982,
        "y": -1107430.7265482203
      }
    },
    {
      "type": "Feature",
      "geometry": {
        "type": "Point",
        "coordinates": [
          -544939.4530063116,
          -1108165.8236524395
        ]
      },
      "properties": {
        "id": 522,
        "dataset_size": 1000,
        "x": -544939.4530063116,
        "y": -1108165.8236524395
      }
    },
    {
      "type": "Feature",
      "geometry": {
        "type": "Point",
        "coordinates": [
          -500571.2540077769,
          -1130656.9256795538
        ]
      },
      "properties": {
        "id": 523,
        "dataset_size": 1000,
        "x": -500571.2540077769,
        "y": -1130656.9256795538
      }
    },
    {
      "type": "Feature",
      "geometry": {
        "type": "Point",
        "coordinates": [
          -571441.1427454075,
          -1066100.792168575
        ]
      },
      "properties": {
        "id": 524,
        "dataset_size": 1000,
        "x": -571441.1427454075,
        "y": -1066100.792168575
      }
    },
    {
      "type": "Feature",
      "geometry": {
        "type": "Point",
        "coordinates": [
          -554654.3034702247,
          -1048072.33422571
        ]
      },
      "properties": {
        "id": 525,
        "dataset_size": 1000,
        "x": -554654.3034702247,
        "y": -1048072.33422571
      }
    },
    {
      "type": "Feature",
      "geometry": {
        "type": "Point",
        "coordinates": [
          -555782.4837858569,
          -1030361.2980192935
        ]
      },
      "properties": {
        "id": 526,
        "dataset_size": 1000,
        "x": -555782.4837858569,
        "y": -1030361.2980192935
      }
    },
    {
      "type": "Feature",
      "geometry": {
        "type": "Point",
        "coordinates": [
          -562786.5644966654,
          -1096599.8665283187
        ]
      },
      "properties": {
        "id": 527,
        "dataset_size": 1000,
        "x": -562786.5644966654,
        "y": -1096599.8665283187
      }
    },
    {
      "type": "Feature",
      "geometry": {
        "type": "Point",
        "coordinates": [
          -556241.1119528908,
          -1113702.279332083
        ]
      },
      "properties": {
        "id": 528,
        "dataset_size": 1000,
        "x": -556241.1119528908,
        "y": -1113702.279332083
      }
    },
    {
      "type": "Feature",
      "geometry": {
        "type": "Point",
        "coordinates": [
          -570991.0735615267,
          -1073743.5593387047
        ]
      },
      "properties": {
        "id": 529,
        "dataset_size": 1000,
        "x": -570991.0735615267,
        "y": -1073743.5593387047
      }
    },
    {
      "type": "Feature",
      "geometry": {
        "type": "Point",
        "coordinates": [
          -570038.8659346267,
          -1112814.431693091
        ]
      },
      "properties": {
        "id": 530,
        "dataset_size": 1000,
        "x": -570038.8659346267,
        "y": -1112814.431693091
      }
    },
    {
      "type": "Feature",
      "geometry": {
        "type": "Point",
        "coordinates": [
          -519945.6815708089,
          -1136627.2265586942
        ]
      },
      "properties": {
        "id": 531,
        "dataset_size": 1000,
        "x": -519945.6815708089,
        "y": -1136627.2265586942
      }
    },
    {
      "type": "Feature",
      "geometry": {
        "type": "Point",
        "coordinates": [
          -563429.9071722517,
          -1099444.6181328883
        ]
      },
      "properties": {
        "id": 532,
        "dataset_size": 1000,
        "x": -563429.9071722517,
        "y": -1099444.6181328883
      }
    },
    {
      "type": "Feature",
      "geometry": {
        "type": "Point",
        "coordinates": [
          -563383.9643032642,
          -1057202.7863167834
        ]
      },
      "properties": {
        "id": 533,
        "dataset_size": 1000,
        "x": -563383.9643032642,
        "y": -1057202.7863167834
      }
    },
    {
      "type": "Feature",
      "geometry": {
        "type": "Point",
        "coordinates": [
          -573313.1763932662,
          -1127687.2729117514
        ]
      },
      "properties": {
        "id": 534,
        "dataset_size": 1000,
        "x": -573313.1763932662,
        "y": -1127687.2729117514
      }
    },
    {
      "type": "Feature",
      "geometry": {
        "type": "Point",
        "coordinates": [
          -564426.2820376987,
          -1140013.2982437378
        ]
      },
      "properties": {
        "id": 535,
        "dataset_size": 1000,
        "x": -564426.2820376987,
        "y": -1140013.2982437378
      }
    },
    {
      "type": "Feature",
      "geometry": {
        "type": "Point",
        "coordinates": [
          -574821.9754317921,
          -1112743.444090154
        ]
      },
      "properties": {
        "id": 536,
        "dataset_size": 1000,
        "x": -574821.9754317921,
        "y": -1112743.444090154
      }
    },
    {
      "type": "Feature",
      "geometry": {
        "type": "Point",
        "coordinates": [
          -549027.6695562646,
          -1142305.0032738792
        ]
      },
      "properties": {
        "id": 537,
        "dataset_size": 1000,
        "x": -549027.6695562646,
        "y": -1142305.0032738792
      }
    },
    {
      "type": "Feature",
      "geometry": {
        "type": "Point",
        "coordinates": [
          -560327.5867714209,
          -1137126.4316964615
        ]
      },
      "properties": {
        "id": 538,
        "dataset_size": 1000,
        "x": -560327.5867714209,
        "y": -1137126.4316964615
      }
    },
    {
      "type": "Feature",
      "geometry": {
        "type": "Point",
        "coordinates": [
          -518316.0097865267,
          -1122364.1116175612
        ]
      },
      "properties": {
        "id": 539,
        "dataset_size": 1000,
        "x": -518316.0097865267,
        "y": -1122364.1116175612
      }
    },
    {
      "type": "Feature",
      "geometry": {
        "type": "Point",
        "coordinates": [
          -533421.7988554724,
          -1053332.1954984409
        ]
      },
      "properties": {
        "id": 540,
        "dataset_size": 1000,
        "x": -533421.7988554724,
        "y": -1053332.1954984409
      }
    },
    {
      "type": "Feature",
      "geometry": {
        "type": "Point",
        "coordinates": [
          -561457.2806418943,
          -1117815.6677509516
        ]
      },
      "properties": {
        "id": 541,
        "dataset_size": 1000,
        "x": -561457.2806418943,
        "y": -1117815.6677509516
      }
    },
    {
      "type": "Feature",
      "geometry": {
        "type": "Point",
        "coordinates": [
          -547481.175164829,
          -1105826.175542521
        ]
      },
      "properties": {
        "id": 542,
        "dataset_size": 1000,
        "x": -547481.175164829,
        "y": -1105826.175542521
      }
    },
    {
      "type": "Feature",
      "geometry": {
        "type": "Point",
        "coordinates": [
          -565067.4678663865,
          -1128784.5038803925
        ]
      },
      "properties": {
        "id": 543,
        "dataset_size": 1000,
        "x": -565067.4678663865,
        "y": -1128784.5038803925
      }
    },
    {
      "type": "Feature",
      "geometry": {
        "type": "Point",
        "coordinates": [
          -579861.575998136,
          -1094161.9265565071
        ]
      },
      "properties": {
        "id": 544,
        "dataset_size": 1000,
        "x": -579861.575998136,
        "y": -1094161.9265565071
      }
    },
    {
      "type": "Feature",
      "geometry": {
        "type": "Point",
        "coordinates": [
          -541892.2844466184,
          -1134812.266512221
        ]
      },
      "properties": {
        "id": 545,
        "dataset_size": 1000,
        "x": -541892.2844466184,
        "y": -1134812.266512221
      }
    },
    {
      "type": "Feature",
      "geometry": {
        "type": "Point",
        "coordinates": [
          -561560.75619696,
          -1100691.6027384086
        ]
      },
      "properties": {
        "id": 546,
        "dataset_size": 1000,
        "x": -561560.75619696,
        "y": -1100691.6027384086
      }
    },
    {
      "type": "Feature",
      "geometry": {
        "type": "Point",
        "coordinates": [
          -575917.4384536028,
          -1076505.1260361683
        ]
      },
      "properties": {
        "id": 547,
        "dataset_size": 1000,
        "x": -575917.4384536028,
        "y": -1076505.1260361683
      }
    },
    {
      "type": "Feature",
      "geometry": {
        "type": "Point",
        "coordinates": [
          -579864.7035718506,
          -1128775.0018333532
        ]
      },
      "properties": {
        "id": 548,
        "dataset_size": 1000,
        "x": -579864.7035718506,
        "y": -1128775.0018333532
      }
    },
    {
      "type": "Feature",
      "geometry": {
        "type": "Point",
        "coordinates": [
          -533368.9460553001,
          -1043217.4300718695
        ]
      },
      "properties": {
        "id": 549,
        "dataset_size": 1000,
        "x": -533368.9460553001,
        "y": -1043217.4300718695
      }
    },
    {
      "type": "Feature",
      "geometry": {
        "type": "Point",
        "coordinates": [
          -532025.5870493734,
          -1098491.7709017475
        ]
      },
      "properties": {
        "id": 550,
        "dataset_size": 1000,
        "x": -532025.5870493734,
        "y": -1098491.7709017475
      }
    },
    {
      "type": "Feature",
      "geometry": {
        "type": "Point",
        "coordinates": [
          -562060.7993147735,
          -1091641.3983585492
        ]
      },
      "properties": {
        "id": 551,
        "dataset_size": 1000,
        "x": -562060.7993147735,
        "y": -1091641.3983585492
      }
    },
    {
      "type": "Feature",
      "geometry": {
        "type": "Point",
        "coordinates": [
          -537344.4339923718,
          -1138665.6189978605
        ]
      },
      "properties": {
        "id": 552,
        "dataset_size": 1000,
        "x": -537344.4339923718,
        "y": -1138665.6189978605
      }
    },
    {
      "type": "Feature",
      "geometry": {
        "type": "Point",
        "coordinates": [
          -569840.7476465224,
          -1063404.248934469
        ]
      },
      "properties": {
        "id": 553,
        "dataset_size": 1000,
        "x": -569840.7476465224,
        "y": -1063404.248934469
      }
    },
    {
      "type": "Feature",
      "geometry": {
        "type": "Point",
        "coordinates": [
          -564932.4634952933,
          -1061879.596696543
        ]
      },
      "properties": {
        "id": 554,
        "dataset_size": 1000,
        "x": -564932.4634952933,
        "y": -1061879.596696543
      }
    },
    {
      "type": "Feature",
      "geometry": {
        "type": "Point",
        "coordinates": [
          -576445.6384949234,
          -1076975.5764571144
        ]
      },
      "properties": {
        "id": 555,
        "dataset_size": 1000,
        "x": -576445.6384949234,
        "y": -1076975.5764571144
      }
    },
    {
      "type": "Feature",
      "geometry": {
        "type": "Point",
        "coordinates": [
          -546976.2570095384,
          -1108687.4673678211
        ]
      },
      "properties": {
        "id": 556,
        "dataset_size": 1000,
        "x": -546976.2570095384,
        "y": -1108687.4673678211
      }
    },
    {
      "type": "Feature",
      "geometry": {
        "type": "Point",
        "coordinates": [
          -547874.4958452035,
          -1039072.7728583026
        ]
      },
      "properties": {
        "id": 557,
        "dataset_size": 1000,
        "x": -547874.4958452035,
        "y": -1039072.7728583026
      }
    },
    {
      "type": "Feature",
      "geometry": {
        "type": "Point",
        "coordinates": [
          -539352.2083734103,
          -1094887.0768864616
        ]
      },
      "properties": {
        "id": 558,
        "dataset_size": 1000,
        "x": -539352.2083734103,
        "y": -1094887.0768864616
      }
    },
    {
      "type": "Feature",
      "geometry": {
        "type": "Point",
        "coordinates": [
          -553428.8827066117,
          -1134037.75674883
        ]
      },
      "properties": {
        "id": 559,
        "dataset_size": 1000,
        "x": -553428.8827066117,
        "y": -1134037.75674883
      }
    },
    {
      "type": "Feature",
      "geometry": {
        "type": "Point",
        "coordinates": [
          -554020.969655703,
          -1059815.0695762082
        ]
      },
      "properties": {
        "id": 560,
        "dataset_size": 1000,
        "x": -554020.969655703,
        "y": -1059815.0695762082
      }
    },
    {
      "type": "Feature",
      "geometry": {
        "type": "Point",
        "coordinates": [
          -518686.80730770016,
          -1109931.8146730121
        ]
      },
      "properties": {
        "id": 561,
        "dataset_size": 1000,
        "x": -518686.80730770016,
        "y": -1109931.8146730121
      }
    },
    {
      "type": "Feature",
      "geometry": {
        "type": "Point",
        "coordinates": [
          -502674.48056257475,
          -1131102.2371444847
        ]
      },
      "properties": {
        "id": 562,
        "dataset_size": 1000,
        "x": -502674.48056257475,
        "y": -1131102.2371444847
      }
    },
    {
      "type": "Feature",
      "geometry": {
        "type": "Point",
        "coordinates": [
          -559923.2772861515,
          -1035365.6645825687
        ]
      },
      "properties": {
        "id": 563,
        "dataset_size": 1000,
        "x": -559923.2772861515,
        "y": -1035365.6645825687
      }
    },
    {
      "type": "Feature",
      "geometry": {
        "type": "Point",
        "coordinates": [
          -526859.2308384401,
          -1122338.997535477
        ]
      },
      "properties": {
        "id": 564,
        "dataset_size": 1000,
        "x": -526859.2308384401,
        "y": -1122338.997535477
      }
    },
    {
      "type": "Feature",
      "geometry": {
        "type": "Point",
        "coordinates": [
          -545839.775992281,
          -1035798.7919203086
        ]
      },
      "properties": {
        "id": 565,
        "dataset_size": 1000,
        "x": -545839.775992281,
        "y": -1035798.7919203086
      }
    },
    {
      "type": "Feature",
      "geometry": {
        "type": "Point",
        "coordinates": [
          -575613.2327719218,
          -1096561.6311430705
        ]
      },
      "properties": {
        "id": 566,
        "dataset_size": 1000,
        "x": -575613.2327719218,
        "y": -1096561.6311430705
      }
    },
    {
      "type": "Feature",
      "geometry": {
        "type": "Point",
        "coordinates": [
          -555644.5332916633,
          -1144856.067021454
        ]
      },
      "properties": {
        "id": 567,
        "dataset_size": 1000,
        "x": -555644.5332916633,
        "y": -1144856.067021454
      }
    },
    {
      "type": "Feature",
      "geometry": {
        "type": "Point",
        "coordinates": [
          -559247.1243890114,
          -1087455.5082287162
        ]
      },
      "properties": {
        "id": 568,
        "dataset_size": 1000,
        "x": -559247.1243890114,
        "y": -1087455.5082287162
      }
    },
    {
      "type": "Feature",
      "geometry": {
        "type": "Point",
        "coordinates": [
          -575013.1283725436,
          -1098986.1160341727
        ]
      },
      "properties": {
        "id": 569,
        "dataset_size": 1000,
        "x": -575013.1283725436,
        "y": -1098986.1160341727
      }
    },
    {
      "type": "Feature",
      "geometry": {
        "type": "Point",
        "coordinates": [
          -569542.5705400681,
          -1104124.1723791487
        ]
      },
      "properties": {
        "id": 570,
        "dataset_size": 1000,
        "x": -569542.5705400681,
        "y": -1104124.1723791487
      }
    },
    {
      "type": "Feature",
      "geometry": {
        "type": "Point",
        "coordinates": [
          -556843.0232013437,
          -1090340.3162812167
        ]
      },
      "properties": {
        "id": 571,
        "dataset_size": 1000,
        "x": -556843.0232013437,
        "y": -1090340.3162812167
      }
    },
    {
      "type": "Feature",
      "geometry": {
        "type": "Point",
        "coordinates": [
          -554628.1579431167,
          -1135083.6203504715
        ]
      },
      "properties": {
        "id": 572,
        "dataset_size": 1000,
        "x": -554628.1579431167,
        "y": -1135083.6203504715
      }
    },
    {
      "type": "Feature",
      "geometry": {
        "type": "Point",
        "coordinates": [
          -564760.870628245,
          -1056369.1456768776
        ]
      },
      "properties": {
        "id": 573,
        "dataset_size": 1000,
        "x": -564760.870628245,
        "y": -1056369.1456768776
      }
    },
    {
      "type": "Feature",
      "geometry": {
        "type": "Point",
        "coordinates": [
          -577170.6900368764,
          -1114854.853442261
        ]
      },
      "properties": {
        "id": 574,
        "dataset_size": 1000,
        "x": -577170.6900368764,
        "y": -1114854.853442261
      }
    },
    {
      "type": "Feature",
      "geometry": {
        "type": "Point",
        "coordinates": [
          -520479.9396471916,
          -1124117.9486108783
        ]
      },
      "properties": {
        "id": 575,
        "dataset_size": 1000,
        "x": -520479.9396471916,
        "y": -1124117.9486108783
      }
    },
    {
      "type": "Feature",
      "geometry": {
        "type": "Point",
        "coordinates": [
          -556686.9436614614,
          -1133621.588525414
        ]
      },
      "properties": {
        "id": 576,
        "dataset_size": 1000,
        "x": -556686.9436614614,
        "y": -1133621.588525414
      }
    },
    {
      "type": "Feature",
      "geometry": {
        "type": "Point",
        "coordinates": [
          -553646.5038818738,
          -1072182.1168948924
        ]
      },
      "properties": {
        "id": 577,
        "dataset_size": 1000,
        "x": -553646.5038818738,
        "y": -1072182.1168948924
      }
    },
    {
      "type": "Feature",
      "geometry": {
        "type": "Point",
        "coordinates": [
          -509732.55715432897,
          -1136368.159341191
        ]
      },
      "properties": {
        "id": 578,
        "dataset_size": 1000,
        "x": -509732.55715432897,
        "y": -1136368.159341191
      }
    },
    {
      "type": "Feature",
      "geometry": {
        "type": "Point",
        "coordinates": [
          -547903.3915275185,
          -1058865.85234652
        ]
      },
      "properties": {
        "id": 579,
        "dataset_size": 1000,
        "x": -547903.3915275185,
        "y": -1058865.85234652
      }
    },
    {
      "type": "Feature",
      "geometry": {
        "type": "Point",
        "coordinates": [
          -573065.769823141,
          -1093662.5521953925
        ]
      },
      "properties": {
        "id": 580,
        "dataset_size": 1000,
        "x": -573065.769823141,
        "y": -1093662.5521953925
      }
    },
    {
      "type": "Feature",
      "geometry": {
        "type": "Point",
        "coordinates": [
          -557146.8607937521,
          -1132775.7524244469
        ]
      },
      "properties": {
        "id": 581,
        "dataset_size": 1000,
        "x": -557146.8607937521,
        "y": -1132775.7524244469
      }
    },
    {
      "type": "Feature",
      "geometry": {
        "type": "Point",
        "coordinates": [
          -550409.6363178596,
          -1114764.7286026606
        ]
      },
      "properties": {
        "id": 582,
        "dataset_size": 1000,
        "x": -550409.6363178596,
        "y": -1114764.7286026606
      }
    },
    {
      "type": "Feature",
      "geometry": {
        "type": "Point",
        "coordinates": [
          -526030.4499826898,
          -1105240.1787206002
        ]
      },
      "properties": {
        "id": 583,
        "dataset_size": 1000,
        "x": -526030.4499826898,
        "y": -1105240.1787206002
      }
    },
    {
      "type": "Feature",
      "geometry": {
        "type": "Point",
        "coordinates": [
          -571642.5515458814,
          -1077257.3664439067
        ]
      },
      "properties": {
        "id": 584,
        "dataset_size": 1000,
        "x": -571642.5515458814,
        "y": -1077257.3664439067
      }
    },
    {
      "type": "Feature",
      "geometry": {
        "type": "Point",
        "coordinates": [
          -566088.1498186188,
          -1074559.4269407257
        ]
      },
      "properties": {
        "id": 585,
        "dataset_size": 1000,
        "x": -566088.1498186188,
        "y": -1074559.4269407257
      }
    },
    {
      "type": "Feature",
      "geometry": {
        "type": "Point",
        "coordinates": [
          -544492.895768066,
          -1136818.8757823105
        ]
      },
      "properties": {
        "id": 586,
        "dataset_size": 1000,
        "x": -544492.895768066,
        "y": -1136818.8757823105
      }
    },
    {
      "type": "Feature",
      "geometry": {
        "type": "Point",
        "coordinates": [
          -574610.0088539824,
          -1133729.1017056385
        ]
      },
      "properties": {
        "id": 587,
        "dataset_size": 1000,
        "x": -574610.0088539824,
        "y": -1133729.1017056385
      }
    },
    {
      "type": "Feature",
      "geometry": {
        "type": "Point",
        "coordinates": [
          -550354.961697487,
          -1086161.980943562
        ]
      },
      "properties": {
        "id": 588,
        "dataset_size": 1000,
        "x": -550354.961697487,
        "y": -1086161.980943562
      }
    },
    {
      "type": "Feature",
      "geometry": {
        "type": "Point",
        "coordinates": [
          -545776.220292025,
          -1052332.2905204187
        ]
      },
      "properties": {
        "id": 589,
        "dataset_size": 1000,
        "x": -545776.220292025,
        "y": -1052332.2905204187
      }
    },
    {
      "type": "Feature",
      "geometry": {
        "type": "Point",
        "coordinates": [
          -577796.065871872,
          -1115511.1880405834
        ]
      },
      "properties": {
        "id": 590,
        "dataset_size": 1000,
        "x": -577796.065871872,
        "y": -1115511.1880405834
      }
    },
    {
      "type": "Feature",
      "geometry": {
        "type": "Point",
        "coordinates": [
          -514448.1099637676,
          -1132856.516248668
        ]
      },
      "properties": {
        "id": 591,
        "dataset_size": 1000,
        "x": -514448.1099637676,
        "y": -1132856.516248668
      }
    },
    {
      "type": "Feature",
      "geometry": {
        "type": "Point",
        "coordinates": [
          -528693.2354089416,
          -1048048.4217833445
        ]
      },
      "properties": {
        "id": 592,
        "dataset_size": 1000,
        "x": -528693.2354089416,
        "y": -1048048.4217833445
      }
    },
    {
      "type": "Feature",
      "geometry": {
        "type": "Point",
        "coordinates": [
          -521160.6604829883,
          -1115724.3195509526
        ]
      },
      "properties": {
        "id": 593,
        "dataset_size": 1000,
        "x": -521160.6604829883,
        "y": -1115724.3195509526
      }
    },
    {
      "type": "Feature",
      "geometry": {
        "type": "Point",
        "coordinates": [
          -565162.8303815214,
          -1073315.805295196
        ]
      },
      "properties": {
        "id": 594,
        "dataset_size": 1000,
        "x": -565162.8303815214,
        "y": -1073315.805295196
      }
    },
    {
      "type": "Feature",
      "geometry": {
        "type": "Point",
        "coordinates": [
          -577816.3796201464,
          -1115865.46560022
        ]
      },
      "properties": {
        "id": 595,
        "dataset_size": 1000,
        "x": -577816.3796201464,
        "y": -1115865.46560022
      }
    },
    {
      "type": "Feature",
      "geometry": {
        "type": "Point",
        "coordinates": [
          -542934.1150105866,
          -1097870.08061048
        ]
      },
      "properties": {
        "id": 596,
        "dataset_size": 1000,
        "x": -542934.1150105866,
        "y": -1097870.08061048
      }
    },
    {
      "type": "Feature",
      "geometry": {
        "type": "Point",
        "coordinates": [
          -545732.7761139313,
          -1047583.0876029348
        ]
      },
      "properties": {
        "id": 597,
        "dataset_size": 1000,
        "x": -545732.7761139313,
        "y": -1047583.0876029348
      }
    },
    {
      "type": "Feature",
      "geometry": {
        "type": "Point",
        "coordinates": [
          -548641.9201808623,
          -1080358.5129554276
        ]
      },
      "properties": {
        "id": 598,
        "dataset_size": 1000,
        "x": -548641.9201808623,
        "y": -1080358.5129554276
      }
    },
    {
      "type": "Feature",
      "geometry": {
        "type": "Point",
        "coordinates": [
          -529062.3900691461,
          -1140248.8525718234
        ]
      },
      "properties": {
        "id": 599,
        "dataset_size": 1000,
        "x": -529062.3900691461,
        "y": -1140248.8525718234
      }
    },
    {
      "type": "Feature",
      "geometry": {
        "type": "Point",
        "coordinates": [
          -545513.4487386039,
          -1133591.7942350507
        ]
      },
      "properties": {
        "id": 600,
        "dataset_size": 1000,
        "x": -545513.4487386039,
        "y": -1133591.7942350507
      }
    },
    {
      "type": "Feature",
      "geometry": {
        "type": "Point",
        "coordinates": [
          -549122.8753736888,
          -1080354.5345589614
        ]
      },
      "properties": {
        "id": 601,
        "dataset_size": 1000,
        "x": -549122.8753736888,
        "y": -1080354.5345589614
      }
    },
    {
      "type": "Feature",
      "geometry": {
        "type": "Point",
        "coordinates": [
          -546606.1664940993,
          -1101487.836369955
        ]
      },
      "properties": {
        "id": 602,
        "dataset_size": 1000,
        "x": -546606.1664940993,
        "y": -1101487.836369955
      }
    },
    {
      "type": "Feature",
      "geometry": {
        "type": "Point",
        "coordinates": [
          -539865.875696497,
          -1105802.2428896313
        ]
      },
      "properties": {
        "id": 603,
        "dataset_size": 1000,
        "x": -539865.875696497,
        "y": -1105802.2428896313
      }
    },
    {
      "type": "Feature",
      "geometry": {
        "type": "Point",
        "coordinates": [
          -521291.18192607106,
          -1143236.4024847443
        ]
      },
      "properties": {
        "id": 604,
        "dataset_size": 1000,
        "x": -521291.18192607106,
        "y": -1143236.4024847443
      }
    },
    {
      "type": "Feature",
      "geometry": {
        "type": "Point",
        "coordinates": [
          -554846.7278536641,
          -1115857.3239735852
        ]
      },
      "properties": {
        "id": 605,
        "dataset_size": 1000,
        "x": -554846.7278536641,
        "y": -1115857.3239735852
      }
    },
    {
      "type": "Feature",
      "geometry": {
        "type": "Point",
        "coordinates": [
          -555412.1570263704,
          -1073214.8960788422
        ]
      },
      "properties": {
        "id": 606,
        "dataset_size": 1000,
        "x": -555412.1570263704,
        "y": -1073214.8960788422
      }
    },
    {
      "type": "Feature",
      "geometry": {
        "type": "Point",
        "coordinates": [
          -565642.4416321791,
          -1096491.4886469445
        ]
      },
      "properties": {
        "id": 607,
        "dataset_size": 1000,
        "x": -565642.4416321791,
        "y": -1096491.4886469445
      }
    },
    {
      "type": "Feature",
      "geometry": {
        "type": "Point",
        "coordinates": [
          -574116.6522141678,
          -1081500.2500312354
        ]
      },
      "properties": {
        "id": 608,
        "dataset_size": 1000,
        "x": -574116.6522141678,
        "y": -1081500.2500312354
      }
    },
    {
      "type": "Feature",
      "geometry": {
        "type": "Point",
        "coordinates": [
          -545480.6259224404,
          -1063742.6229781224
        ]
      },
      "properties": {
        "id": 609,
        "dataset_size": 1000,
        "x": -545480.6259224404,
        "y": -1063742.6229781224
      }
    },
    {
      "type": "Feature",
      "geometry": {
        "type": "Point",
        "coordinates": [
          -557953.1799825486,
          -1087823.0136581433
        ]
      },
      "properties": {
        "id": 610,
        "dataset_size": 1000,
        "x": -557953.1799825486,
        "y": -1087823.0136581433
      }
    },
    {
      "type": "Feature",
      "geometry": {
        "type": "Point",
        "coordinates": [
          -519228.9813391527,
          -1121793.7473205437
        ]
      },
      "properties": {
        "id": 611,
        "dataset_size": 1000,
        "x": -519228.9813391527,
        "y": -1121793.7473205437
      }
    },
    {
      "type": "Feature",
      "geometry": {
        "type": "Point",
        "coordinates": [
          -543368.0718052991,
          -1143071.1978036112
        ]
      },
      "properties": {
        "id": 612,
        "dataset_size": 1000,
        "x": -543368.0718052991,
        "y": -1143071.1978036112
      }
    },
    {
      "type": "Feature",
      "geometry": {
        "type": "Point",
        "coordinates": [
          -564458.5777596158,
          -1065684.5994936144
        ]
      },
      "properties": {
        "id": 613,
        "dataset_size": 1000,
        "x": -564458.5777596158,
        "y": -1065684.5994936144
      }
    },
    {
      "type": "Feature",
      "geometry": {
        "type": "Point",
        "coordinates": [
          -554838.6427773244,
          -1110557.6229508086
        ]
      },
      "properties": {
        "id": 614,
        "dataset_size": 1000,
        "x": -554838.6427773244,
        "y": -1110557.6229508086
      }
    },
    {
      "type": "Feature",
      "geometry": {
        "type": "Point",
        "coordinates": [
          -542202.3585050728,
          -1121804.1694657546
        ]
      },
      "properties": {
        "id": 615,
        "dataset_size": 1000,
        "x": -542202.3585050728,
        "y": -1121804.1694657546
      }
    },
    {
      "type": "Feature",
      "geometry": {
        "type": "Point",
        "coordinates": [
          -579974.4306660729,
          -1095194.330546834
        ]
      },
      "properties": {
        "id": 616,
        "dataset_size": 1000,
        "x": -579974.4306660729,
        "y": -1095194.330546834
      }
    },
    {
      "type": "Feature",
      "geometry": {
        "type": "Point",
        "coordinates": [
          -552836.725885754,
          -1088297.8227468238
        ]
      },
      "properties": {
        "id": 617,
        "dataset_size": 1000,
        "x": -552836.725885754,
        "y": -1088297.8227468238
      }
    },
    {
      "type": "Feature",
      "geometry": {
        "type": "Point",
        "coordinates": [
          -528857.4751867735,
          -1143313.5191405548
        ]
      },
      "properties": {
        "id": 618,
        "dataset_size": 1000,
        "x": -528857.4751867735,
        "y": -1143313.5191405548
      }
    },
    {
      "type": "Feature",
      "geometry": {
        "type": "Point",
        "coordinates": [
          -559363.8533903692,
          -1110025.0711454484
        ]
      },
      "properties": {
        "id": 619,
        "dataset_size": 1000,
        "x": -559363.8533903692,
        "y": -1110025.0711454484
      }
    },
    {
      "type": "Feature",
      "geometry": {
        "type": "Point",
        "coordinates": [
          -540280.7308241264,
          -1117679.5217371404
        ]
      },
      "properties": {
        "id": 620,
        "dataset_size": 1000,
        "x": -540280.7308241264,
        "y": -1117679.5217371404
      }
    },
    {
      "type": "Feature",
      "geometry": {
        "type": "Point",
        "coordinates": [
          -567372.9910255234,
          -1058396.523634648
        ]
      },
      "properties": {
        "id": 621,
        "dataset_size": 1000,
        "x": -567372.9910255234,
        "y": -1058396.523634648
      }
    },
    {
      "type": "Feature",
      "geometry": {
        "type": "Point",
        "coordinates": [
          -551116.22893112,
          -1058874.9010617384
        ]
      },
      "properties": {
        "id": 622,
        "dataset_size": 1000,
        "x": -551116.22893112,
        "y": -1058874.9010617384
      }
    },
    {
      "type": "Feature",
      "geometry": {
        "type": "Point",
        "coordinates": [
          -538706.2424621027,
          -1135602.0061637668
        ]
      },
      "properties": {
        "id": 623,
        "dataset_size": 1000,
        "x": -538706.2424621027,
        "y": -1135602.0061637668
      }
    },
    {
      "type": "Feature",
      "geometry": {
        "type": "Point",
        "coordinates": [
          -568353.6828182685,
          -1127290.8327149174
        ]
      },
      "properties": {
        "id": 624,
        "dataset_size": 1000,
        "x": -568353.6828182685,
        "y": -1127290.8327149174
      }
    },
    {
      "type": "Feature",
      "geometry": {
        "type": "Point",
        "coordinates": [
          -530063.4687574422,
          -1107933.9094366003
        ]
      },
      "properties": {
        "id": 625,
        "dataset_size": 1000,
        "x": -530063.4687574422,
        "y": -1107933.9094366003
      }
    },
    {
      "type": "Feature",
      "geometry": {
        "type": "Point",
        "coordinates": [
          -537064.9681995077,
          -1128614.343616519
        ]
      },
      "properties": {
        "id": 626,
        "dataset_size": 1000,
        "x": -537064.9681995077,
        "y": -1128614.343616519
      }
    },
    {
      "type": "Feature",
      "geometry": {
        "type": "Point",
        "coordinates": [
          -528369.0594162862,
          -1118041.6519111483
        ]
      },
      "properties": {
        "id": 627,
        "dataset_size": 1000,
        "x": -528369.0594162862,
        "y": -1118041.6519111483
      }
    },
    {
      "type": "Feature",
      "geometry": {
        "type": "Point",
        "coordinates": [
          -551354.5370210959,
          -1113355.4054008962
        ]
      },
      "properties": {
        "id": 628,
        "dataset_size": 1000,
        "x": -551354.5370210959,
        "y": -1113355.4054008962
      }
    },
    {
      "type": "Feature",
      "geometry": {
        "type": "Point",
        "coordinates": [
          -555207.4238032621,
          -1147461.6582177493
        ]
      },
      "properties": {
        "id": 629,
        "dataset_size": 1000,
        "x": -555207.4238032621,
        "y": -1147461.6582177493
      }
    },
    {
      "type": "Feature",
      "geometry": {
        "type": "Point",
        "coordinates": [
          -559249.2005990226,
          -1108710.4626635846
        ]
      },
      "properties": {
        "id": 630,
        "dataset_size": 1000,
        "x": -559249.2005990226,
        "y": -1108710.4626635846
      }
    },
    {
      "type": "Feature",
      "geometry": {
        "type": "Point",
        "coordinates": [
          -563664.4621253951,
          -1129056.930235793
        ]
      },
      "properties": {
        "id": 631,
        "dataset_size": 1000,
        "x": -563664.4621253951,
        "y": -1129056.930235793
      }
    },
    {
      "type": "Feature",
      "geometry": {
        "type": "Point",
        "coordinates": [
          -552980.1960668898,
          -1044240.2578836528
        ]
      },
      "properties": {
        "id": 632,
        "dataset_size": 1000,
        "x": -552980.1960668898,
        "y": -1044240.2578836528
      }
    },
    {
      "type": "Feature",
      "geometry": {
        "type": "Point",
        "coordinates": [
          -551296.7643139054,
          -1099494.9051145155
        ]
      },
      "properties": {
        "id": 633,
        "dataset_size": 1000,
        "x": -551296.7643139054,
        "y": -1099494.9051145155
      }
    },
    {
      "type": "Feature",
      "geometry": {
        "type": "Point",
        "coordinates": [
          -540671.9984548012,
          -1113018.2216633423
        ]
      },
      "properties": {
        "id": 634,
        "dataset_size": 1000,
        "x": -540671.9984548012,
        "y": -1113018.2216633423
      }
    },
    {
      "type": "Feature",
      "geometry": {
        "type": "Point",
        "coordinates": [
          -550845.9102979944,
          -1151398.4167164427
        ]
      },
      "properties": {
        "id": 635,
        "dataset_size": 1000,
        "x": -550845.9102979944,
        "y": -1151398.4167164427
      }
    },
    {
      "type": "Feature",
      "geometry": {
        "type": "Point",
        "coordinates": [
          -557589.9947698069,
          -1154468.3706780623
        ]
      },
      "properties": {
        "id": 636,
        "dataset_size": 1000,
        "x": -557589.9947698069,
        "y": -1154468.3706780623
      }
    },
    {
      "type": "Feature",
      "geometry": {
        "type": "Point",
        "coordinates": [
          -549905.0320079445,
          -1035725.6126058084
        ]
      },
      "properties": {
        "id": 637,
        "dataset_size": 1000,
        "x": -549905.0320079445,
        "y": -1035725.6126058084
      }
    },
    {
      "type": "Feature",
      "geometry": {
        "type": "Point",
        "coordinates": [
          -568357.9117940164,
          -1119578.9353394308
        ]
      },
      "properties": {
        "id": 638,
        "dataset_size": 1000,
        "x": -568357.9117940164,
        "y": -1119578.9353394308
      }
    },
    {
      "type": "Feature",
      "geometry": {
        "type": "Point",
        "coordinates": [
          -568452.8801701682,
          -1062137.460525915
        ]
      },
      "properties": {
        "id": 639,
        "dataset_size": 1000,
        "x": -568452.8801701682,
        "y": -1062137.460525915
      }
    },
    {
      "type": "Feature",
      "geometry": {
        "type": "Point",
        "coordinates": [
          -577360.8585319252,
          -1123271.3216273643
        ]
      },
      "properties": {
        "id": 640,
        "dataset_size": 1000,
        "x": -577360.8585319252,
        "y": -1123271.3216273643
      }
    },
    {
      "type": "Feature",
      "geometry": {
        "type": "Point",
        "coordinates": [
          -527014.6159954125,
          -1128522.436142364
        ]
      },
      "properties": {
        "id": 641,
        "dataset_size": 1000,
        "x": -527014.6159954125,
        "y": -1128522.436142364
      }
    },
    {
      "type": "Feature",
      "geometry": {
        "type": "Point",
        "coordinates": [
          -558456.7627010972,
          -1038736.0951800499
        ]
      },
      "properties": {
        "id": 642,
        "dataset_size": 1000,
        "x": -558456.7627010972,
        "y": -1038736.0951800499
      }
    },
    {
      "type": "Feature",
      "geometry": {
        "type": "Point",
        "coordinates": [
          -519190.2727229292,
          -1124466.4597262272
        ]
      },
      "properties": {
        "id": 643,
        "dataset_size": 1000,
        "x": -519190.2727229292,
        "y": -1124466.4597262272
      }
    },
    {
      "type": "Feature",
      "geometry": {
        "type": "Point",
        "coordinates": [
          -502433.4187660337,
          -1132231.3575997949
        ]
      },
      "properties": {
        "id": 644,
        "dataset_size": 1000,
        "x": -502433.4187660337,
        "y": -1132231.3575997949
      }
    },
    {
      "type": "Feature",
      "geometry": {
        "type": "Point",
        "coordinates": [
          -549848.6056507523,
          -1139410.8861230754
        ]
      },
      "properties": {
        "id": 645,
        "dataset_size": 1000,
        "x": -549848.6056507523,
        "y": -1139410.8861230754
      }
    },
    {
      "type": "Feature",
      "geometry": {
        "type": "Point",
        "coordinates": [
          -542874.4607349177,
          -1036625.9650095602
        ]
      },
      "properties": {
        "id": 646,
        "dataset_size": 1000,
        "x": -542874.4607349177,
        "y": -1036625.9650095602
      }
    },
    {
      "type": "Feature",
      "geometry": {
        "type": "Point",
        "coordinates": [
          -541178.6251517445,
          -1050489.4425117758
        ]
      },
      "properties": {
        "id": 647,
        "dataset_size": 1000,
        "x": -541178.6251517445,
        "y": -1050489.4425117758
      }
    },
    {
      "type": "Feature",
      "geometry": {
        "type": "Point",
        "coordinates": [
          -573607.3451497563,
          -1072314.7419705286
        ]
      },
      "properties": {
        "id": 648,
        "dataset_size": 1000,
        "x": -573607.3451497563,
        "y": -1072314.7419705286
      }
    },
    {
      "type": "Feature",
      "geometry": {
        "type": "Point",
        "coordinates": [
          -560802.0917619249,
          -1038635.1965845955
        ]
      },
      "properties": {
        "id": 649,
        "dataset_size": 1000,
        "x": -560802.0917619249,
        "y": -1038635.1965845955
      }
    },
    {
      "type": "Feature",
      "geometry": {
        "type": "Point",
        "coordinates": [
          -537001.6637585805,
          -1125323.7162866169
        ]
      },
      "properties": {
        "id": 650,
        "dataset_size": 1000,
        "x": -537001.6637585805,
        "y": -1125323.7162866169
      }
    },
    {
      "type": "Feature",
      "geometry": {
        "type": "Point",
        "coordinates": [
          -549968.8235009166,
          -1060613.5541254177
        ]
      },
      "properties": {
        "id": 651,
        "dataset_size": 1000,
        "x": -549968.8235009166,
        "y": -1060613.5541254177
      }
    },
    {
      "type": "Feature",
      "geometry": {
        "type": "Point",
        "coordinates": [
          -563019.3610281637,
          -1141317.1429152677
        ]
      },
      "properties": {
        "id": 652,
        "dataset_size": 1000,
        "x": -563019.3610281637,
        "y": -1141317.1429152677
      }
    },
    {
      "type": "Feature",
      "geometry": {
        "type": "Point",
        "coordinates": [
          -558368.2512457427,
          -1074762.012290544
        ]
      },
      "properties": {
        "id": 653,
        "dataset_size": 1000,
        "x": -558368.2512457427,
        "y": -1074762.012290544
      }
    },
    {
      "type": "Feature",
      "geometry": {
        "type": "Point",
        "coordinates": [
          -560557.1148029597,
          -1128333.605692774
        ]
      },
      "properties": {
        "id": 654,
        "dataset_size": 1000,
        "x": -560557.1148029597,
        "y": -1128333.605692774
      }
    },
    {
      "type": "Feature",
      "geometry": {
        "type": "Point",
        "coordinates": [
          -526188.1371121611,
          -1119978.9935300506
        ]
      },
      "properties": {
        "id": 655,
        "dataset_size": 1000,
        "x": -526188.1371121611,
        "y": -1119978.9935300506
      }
    },
    {
      "type": "Feature",
      "geometry": {
        "type": "Point",
        "coordinates": [
          -545725.4065989604,
          -1124627.819053629
        ]
      },
      "properties": {
        "id": 656,
        "dataset_size": 1000,
        "x": -545725.4065989604,
        "y": -1124627.819053629
      }
    },
    {
      "type": "Feature",
      "geometry": {
        "type": "Point",
        "coordinates": [
          -578981.3818927419,
          -1090118.1765940299
        ]
      },
      "properties": {
        "id": 657,
        "dataset_size": 1000,
        "x": -578981.3818927419,
        "y": -1090118.1765940299
      }
    },
    {
      "type": "Feature",
      "geometry": {
        "type": "Point",
        "coordinates": [
          -575345.2197314318,
          -1115192.047486479
        ]
      },
      "properties": {
        "id": 658,
        "dataset_size": 1000,
        "x": -575345.2197314318,
        "y": -1115192.047486479
      }
    },
    {
      "type": "Feature",
      "geometry": {
        "type": "Point",
        "coordinates": [
          -554128.817843397,
          -1058313.9508519461
        ]
      },
      "properties": {
        "id": 659,
        "dataset_size": 1000,
        "x": -554128.817843397,
        "y": -1058313.9508519461
      }
    },
    {
      "type": "Feature",
      "geometry": {
        "type": "Point",
        "coordinates": [
          -545413.553254966,
          -1037739.3871310949
        ]
      },
      "properties": {
        "id": 660,
        "dataset_size": 1000,
        "x": -545413.553254966,
        "y": -1037739.3871310949
      }
    },
    {
      "type": "Feature",
      "geometry": {
        "type": "Point",
        "coordinates": [
          -571444.2600815485,
          -1112764.7642172042
        ]
      },
      "properties": {
        "id": 661,
        "dataset_size": 1000,
        "x": -571444.2600815485,
        "y": -1112764.7642172042
      }
    },
    {
      "type": "Feature",
      "geometry": {
        "type": "Point",
        "coordinates": [
          -541197.4479957514,
          -1126032.0802431288
        ]
      },
      "properties": {
        "id": 662,
        "dataset_size": 1000,
        "x": -541197.4479957514,
        "y": -1126032.0802431288
      }
    },
    {
      "type": "Feature",
      "geometry": {
        "type": "Point",
        "coordinates": [
          -563637.1769240659,
          -1072225.770687987
        ]
      },
      "properties": {
        "id": 663,
        "dataset_size": 1000,
        "x": -563637.1769240659,
        "y": -1072225.770687987
      }
    },
    {
      "type": "Feature",
      "geometry": {
        "type": "Point",
        "coordinates": [
          -512375.1303676802,
          -1137104.9811858013
        ]
      },
      "properties": {
        "id": 664,
        "dataset_size": 1000,
        "x": -512375.1303676802,
        "y": -1137104.9811858013
      }
    },
    {
      "type": "Feature",
      "geometry": {
        "type": "Point",
        "coordinates": [
          -543004.6604583447,
          -1139027.7772788024
        ]
      },
      "properties": {
        "id": 665,
        "dataset_size": 1000,
        "x": -543004.6604583447,
        "y": -1139027.7772788024
      }
    },
    {
      "type": "Feature",
      "geometry": {
        "type": "Point",
        "coordinates": [
          -531710.1439304358,
          -1048793.890153167
        ]
      },
      "properties": {
        "id": 666,
        "dataset_size": 1000,
        "x": -531710.1439304358,
        "y": -1048793.890153167
      }
    },
    {
      "type": "Feature",
      "geometry": {
        "type": "Point",
        "coordinates": [
          -535953.5985352517,
          -1048976.1782189533
        ]
      },
      "properties": {
        "id": 667,
        "dataset_size": 1000,
        "x": -535953.5985352517,
        "y": -1048976.1782189533
      }
    },
    {
      "type": "Feature",
      "geometry": {
        "type": "Point",
        "coordinates": [
          -529860.5680357756,
          -1125898.3559126311
        ]
      },
      "properties": {
        "id": 668,
        "dataset_size": 1000,
        "x": -529860.5680357756,
        "y": -1125898.3559126311
      }
    },
    {
      "type": "Feature",
      "geometry": {
        "type": "Point",
        "coordinates": [
          -536686.1920090809,
          -1146447.7279142786
        ]
      },
      "properties": {
        "id": 669,
        "dataset_size": 1000,
        "x": -536686.1920090809,
        "y": -1146447.7279142786
      }
    },
    {
      "type": "Feature",
      "geometry": {
        "type": "Point",
        "coordinates": [
          -542782.7615462351,
          -1047525.9123742201
        ]
      },
      "properties": {
        "id": 670,
        "dataset_size": 1000,
        "x": -542782.7615462351,
        "y": -1047525.9123742201
      }
    },
    {
      "type": "Feature",
      "geometry": {
        "type": "Point",
        "coordinates": [
          -545930.8682948233,
          -1035806.5703901399
        ]
      },
      "properties": {
        "id": 671,
        "dataset_size": 1000,
        "x": -545930.8682948233,
        "y": -1035806.5703901399
      }
    },
    {
      "type": "Feature",
      "geometry": {
        "type": "Point",
        "coordinates": [
          -565046.1664505745,
          -1077968.863253363
        ]
      },
      "properties": {
        "id": 672,
        "dataset_size": 1000,
        "x": -565046.1664505745,
        "y": -1077968.863253363
      }
    },
    {
      "type": "Feature",
      "geometry": {
        "type": "Point",
        "coordinates": [
          -575037.0164074556,
          -1094424.4239911705
        ]
      },
      "properties": {
        "id": 673,
        "dataset_size": 1000,
        "x": -575037.0164074556,
        "y": -1094424.4239911705
      }
    },
    {
      "type": "Feature",
      "geometry": {
        "type": "Point",
        "coordinates": [
          -547506.1272304988,
          -1053857.1092507732
        ]
      },
      "properties": {
        "id": 674,
        "dataset_size": 1000,
        "x": -547506.1272304988,
        "y": -1053857.1092507732
      }
    },
    {
      "type": "Feature",
      "geometry": {
        "type": "Point",
        "coordinates": [
          -531595.5812693085,
          -1131891.1954286161
        ]
      },
      "properties": {
        "id": 675,
        "dataset_size": 1000,
        "x": -531595.5812693085,
        "y": -1131891.1954286161
      }
    },
    {
      "type": "Feature",
      "geometry": {
        "type": "Point",
        "coordinates": [
          -566393.3781240991,
          -1102726.4499307275
        ]
      },
      "properties": {
        "id": 676,
        "dataset_size": 1000,
        "x": -566393.3781240991,
        "y": -1102726.4499307275
      }
    },
    {
      "type": "Feature",
      "geometry": {
        "type": "Point",
        "coordinates": [
          -578073.8053417031,
          -1073854.3595466106
        ]
      },
      "properties": {
        "id": 677,
        "dataset_size": 1000,
        "x": -578073.8053417031,
        "y": -1073854.3595466106
      }
    },
    {
      "type": "Feature",
      "geometry": {
        "type": "Point",
        "coordinates": [
          -527155.6128025714,
          -1109744.4522851612
        ]
      },
      "properties": {
        "id": 678,
        "dataset_size": 1000,
        "x": -527155.6128025714,
        "y": -1109744.4522851612
      }
    },
    {
      "type": "Feature",
      "geometry": {
        "type": "Point",
        "coordinates": [
          -566111.772231171,
          -1135241.1166140677
        ]
      },
      "properties": {
        "id": 679,
        "dataset_size": 1000,
        "x": -566111.772231171,
        "y": -1135241.1166140677
      }
    },
    {
      "type": "Feature",
      "geometry": {
        "type": "Point",
        "coordinates": [
          -571748.478071467,
          -1124674.3239013639
        ]
      },
      "properties": {
        "id": 680,
        "dataset_size": 1000,
        "x": -571748.478071467,
        "y": -1124674.3239013639
      }
    },
    {
      "type": "Feature",
      "geometry": {
        "type": "Point",
        "coordinates": [
          -556772.2128494402,
          -1140964.1990217695
        ]
      },
      "properties": {
        "id": 681,
        "dataset_size": 1000,
        "x": -556772.2128494402,
        "y": -1140964.1990217695
      }
    },
    {
      "type": "Feature",
      "geometry": {
        "type": "Point",
        "coordinates": [
          -544765.4936387466,
          -1067119.5515820351
        ]
      },
      "properties": {
        "id": 682,
        "dataset_size": 1000,
        "x": -544765.4936387466,
        "y": -1067119.5515820351
      }
    },
    {
      "type": "Feature",
      "geometry": {
        "type": "Point",
        "coordinates": [
          -502954.02567512024,
          -1130040.8503494058
        ]
      },
      "properties": {
        "id": 683,
        "dataset_size": 1000,
        "x": -502954.02567512024,
        "y": -1130040.8503494058
      }
    },
    {
      "type": "Feature",
      "geometry": {
        "type": "Point",
        "coordinates": [
          -530917.5074848887,
          -1106036.0805492876
        ]
      },
      "properties": {
        "id": 684,
        "dataset_size": 1000,
        "x": -530917.5074848887,
        "y": -1106036.0805492876
      }
    },
    {
      "type": "Feature",
      "geometry": {
        "type": "Point",
        "coordinates": [
          -576077.3838187954,
          -1072217.0794672673
        ]
      },
      "properties": {
        "id": 685,
        "dataset_size": 1000,
        "x": -576077.3838187954,
        "y": -1072217.0794672673
      }
    },
    {
      "type": "Feature",
      "geometry": {
        "type": "Point",
        "coordinates": [
          -552835.015143673,
          -1088417.4869899799
        ]
      },
      "properties": {
        "id": 686,
        "dataset_size": 1000,
        "x": -552835.015143673,
        "y": -1088417.4869899799
      }
    },
    {
      "type": "Feature",
      "geometry": {
        "type": "Point",
        "coordinates": [
          -562248.5628691872,
          -1091882.4514741509
        ]
      },
      "properties": {
        "id": 687,
        "dataset_size": 1000,
        "x": -562248.5628691872,
        "y": -1091882.4514741509
      }
    },
    {
      "type": "Feature",
      "geometry": {
        "type": "Point",
        "coordinates": [
          -566030.3718226403,
          -1100176.314686821
        ]
      },
      "properties": {
        "id": 688,
        "dataset_size": 1000,
        "x": -566030.3718226403,
        "y": -1100176.314686821
      }
    },
    {
      "type": "Feature",
      "geometry": {
        "type": "Point",
        "coordinates": [
          -552593.123881985,
          -1089649.6265834677
        ]
      },
      "properties": {
        "id": 689,
        "dataset_size": 1000,
        "x": -552593.123881985,
        "y": -1089649.6265834677
      }
    },
    {
      "type": "Feature",
      "geometry": {
        "type": "Point",
        "coordinates": [
          -567749.1284181771,
          -1054775.4267551778
        ]
      },
      "properties": {
        "id": 690,
        "dataset_size": 1000,
        "x": -567749.1284181771,
        "y": -1054775.4267551778
      }
    },
    {
      "type": "Feature",
      "geometry": {
        "type": "Point",
        "coordinates": [
          -550942.2099190552,
          -1090889.1079140906
        ]
      },
      "properties": {
        "id": 691,
        "dataset_size": 1000,
        "x": -550942.2099190552,
        "y": -1090889.1079140906
      }
    },
    {
      "type": "Feature",
      "geometry": {
        "type": "Point",
        "coordinates": [
          -566784.7473714515,
          -1076390.8686430017
        ]
      },
      "properties": {
        "id": 692,
        "dataset_size": 1000,
        "x": -566784.7473714515,
        "y": -1076390.8686430017
      }
    },
    {
      "type": "Feature",
      "geometry": {
        "type": "Point",
        "coordinates": [
          -537813.342003679,
          -1117175.0946416075
        ]
      },
      "properties": {
        "id": 693,
        "dataset_size": 1000,
        "x": -537813.342003679,
        "y": -1117175.0946416075
      }
    },
    {
      "type": "Feature",
      "geometry": {
        "type": "Point",
        "coordinates": [
          -553369.4722082213,
          -1046985.7848229669
        ]
      },
      "properties": {
        "id": 694,
        "dataset_size": 1000,
        "x": -553369.4722082213,
        "y": -1046985.7848229669
      }
    },
    {
      "type": "Feature",
      "geometry": {
        "type": "Point",
        "coordinates": [
          -561230.7498401398,
          -1028876.9876608604
        ]
      },
      "properties": {
        "id": 695,
        "dataset_size": 1000,
        "x": -561230.7498401398,
        "y": -1028876.9876608604
      }
    },
    {
      "type": "Feature",
      "geometry": {
        "type": "Point",
        "coordinates": [
          -548654.0503625735,
          -1128468.6543787438
        ]
      },
      "properties": {
        "id": 696,
        "dataset_size": 1000,
        "x": -548654.0503625735,
        "y": -1128468.6543787438
      }
    },
    {
      "type": "Feature",
      "geometry": {
        "type": "Point",
        "coordinates": [
          -539897.8323443765,
          -1114593.0312165138
        ]
      },
      "properties": {
        "id": 697,
        "dataset_size": 1000,
        "x": -539897.8323443765,
        "y": -1114593.0312165138
      }
    },
    {
      "type": "Feature",
      "geometry": {
        "type": "Point",
        "coordinates": [
          -569426.1434213967,
          -1089438.1575953993
        ]
      },
      "properties": {
        "id": 698,
        "dataset_size": 1000,
        "x": -569426.1434213967,
        "y": -1089438.1575953993
      }
    },
    {
      "type": "Feature",
      "geometry": {
        "type": "Point",
        "coordinates": [
          -550074.3271126598,
          -1083885.690976589
        ]
      },
      "properties": {
        "id": 699,
        "dataset_size": 1000,
        "x": -550074.3271126598,
        "y": -1083885.690976589
      }
    },
    {
      "type": "Feature",
      "geometry": {
        "type": "Point",
        "coordinates": [
          -567506.9247743499,
          -1117327.367575767
        ]
      },
      "properties": {
        "id": 700,
        "dataset_size": 1000,
        "x": -567506.9247743499,
        "y": -1117327.367575767
      }
    },
    {
      "type": "Feature",
      "geometry": {
        "type": "Point",
        "coordinates": [
          -544513.854606031,
          -1043894.8460912448
        ]
      },
      "properties": {
        "id": 701,
        "dataset_size": 1000,
        "x": -544513.854606031,
        "y": -1043894.8460912448
      }
    },
    {
      "type": "Feature",
      "geometry": {
        "type": "Point",
        "coordinates": [
          -520582.2992902557,
          -1134244.9686809508
        ]
      },
      "properties": {
        "id": 702,
        "dataset_size": 1000,
        "x": -520582.2992902557,
        "y": -1134244.9686809508
      }
    },
    {
      "type": "Feature",
      "geometry": {
        "type": "Point",
        "coordinates": [
          -507054.23554404086,
          -1127106.4571590382
        ]
      },
      "properties": {
        "id": 703,
        "dataset_size": 1000,
        "x": -507054.23554404086,
        "y": -1127106.4571590382
      }
    },
    {
      "type": "Feature",
      "geometry": {
        "type": "Point",
        "coordinates": [
          -574231.275884632,
          -1086020.8306590682
        ]
      },
      "properties": {
        "id": 704,
        "dataset_size": 1000,
        "x": -574231.275884632,
        "y": -1086020.8306590682
      }
    },
    {
      "type": "Feature",
      "geometry": {
        "type": "Point",
        "coordinates": [
          -564402.2877369438,
          -1101447.677178592
        ]
      },
      "properties": {
        "id": 705,
        "dataset_size": 1000,
        "x": -564402.2877369438,
        "y": -1101447.677178592
      }
    },
    {
      "type": "Feature",
      "geometry": {
        "type": "Point",
        "coordinates": [
          -554321.6834951185,
          -1059365.021354262
        ]
      },
      "properties": {
        "id": 706,
        "dataset_size": 1000,
        "x": -554321.6834951185,
        "y": -1059365.021354262
      }
    },
    {
      "type": "Feature",
      "geometry": {
        "type": "Point",
        "coordinates": [
          -570115.8574626434,
          -1068549.2577465512
        ]
      },
      "properties": {
        "id": 707,
        "dataset_size": 1000,
        "x": -570115.8574626434,
        "y": -1068549.2577465512
      }
    },
    {
      "type": "Feature",
      "geometry": {
        "type": "Point",
        "coordinates": [
          -552247.4721979586,
          -1048358.9961652518
        ]
      },
      "properties": {
        "id": 708,
        "dataset_size": 1000,
        "x": -552247.4721979586,
        "y": -1048358.9961652518
      }
    },
    {
      "type": "Feature",
      "geometry": {
        "type": "Point",
        "coordinates": [
          -539160.5901697021,
          -1115379.4381891368
        ]
      },
      "properties": {
        "id": 709,
        "dataset_size": 1000,
        "x": -539160.5901697021,
        "y": -1115379.4381891368
      }
    },
    {
      "type": "Feature",
      "geometry": {
        "type": "Point",
        "coordinates": [
          -557279.824214793,
          -1143700.586379904
        ]
      },
      "properties": {
        "id": 710,
        "dataset_size": 1000,
        "x": -557279.824214793,
        "y": -1143700.586379904
      }
    },
    {
      "type": "Feature",
      "geometry": {
        "type": "Point",
        "coordinates": [
          -546526.055745121,
          -1127271.1440979028
        ]
      },
      "properties": {
        "id": 711,
        "dataset_size": 1000,
        "x": -546526.055745121,
        "y": -1127271.1440979028
      }
    },
    {
      "type": "Feature",
      "geometry": {
        "type": "Point",
        "coordinates": [
          -544843.2100785025,
          -1140407.3230630883
        ]
      },
      "properties": {
        "id": 712,
        "dataset_size": 1000,
        "x": -544843.2100785025,
        "y": -1140407.3230630883
      }
    },
    {
      "type": "Feature",
      "geometry": {
        "type": "Point",
        "coordinates": [
          -555677.9278480103,
          -1142415.9158528324
        ]
      },
      "properties": {
        "id": 713,
        "dataset_size": 1000,
        "x": -555677.9278480103,
        "y": -1142415.9158528324
      }
    },
    {
      "type": "Feature",
      "geometry": {
        "type": "Point",
        "coordinates": [
          -517596.747397086,
          -1136777.918028593
        ]
      },
      "properties": {
        "id": 714,
        "dataset_size": 1000,
        "x": -517596.747397086,
        "y": -1136777.918028593
      }
    },
    {
      "type": "Feature",
      "geometry": {
        "type": "Point",
        "coordinates": [
          -539522.5621173354,
          -1109456.2997307093
        ]
      },
      "properties": {
        "id": 715,
        "dataset_size": 1000,
        "x": -539522.5621173354,
        "y": -1109456.2997307093
      }
    },
    {
      "type": "Feature",
      "geometry": {
        "type": "Point",
        "coordinates": [
          -552552.1976750952,
          -1082192.1730863356
        ]
      },
      "properties": {
        "id": 716,
        "dataset_size": 1000,
        "x": -552552.1976750952,
        "y": -1082192.1730863356
      }
    },
    {
      "type": "Feature",
      "geometry": {
        "type": "Point",
        "coordinates": [
          -546050.9494429156,
          -1133519.0615862606
        ]
      },
      "properties": {
        "id": 717,
        "dataset_size": 1000,
        "x": -546050.9494429156,
        "y": -1133519.0615862606
      }
    },
    {
      "type": "Feature",
      "geometry": {
        "type": "Point",
        "coordinates": [
          -514076.79515122,
          -1106785.8102877522
        ]
      },
      "properties": {
        "id": 718,
        "dataset_size": 1000,
        "x": -514076.79515122,
        "y": -1106785.8102877522
      }
    },
    {
      "type": "Feature",
      "geometry": {
        "type": "Point",
        "coordinates": [
          -521768.4848801639,
          -1116763.0043888814
        ]
      },
      "properties": {
        "id": 719,
        "dataset_size": 1000,
        "x": -521768.4848801639,
        "y": -1116763.0043888814
      }
    },
    {
      "type": "Feature",
      "geometry": {
        "type": "Point",
        "coordinates": [
          -563786.9532863798,
          -1071366.423232776
        ]
      },
      "properties": {
        "id": 720,
        "dataset_size": 1000,
        "x": -563786.9532863798,
        "y": -1071366.423232776
      }
    },
    {
      "type": "Feature",
      "geometry": {
        "type": "Point",
        "coordinates": [
          -562546.8719408279,
          -1078159.9268775813
        ]
      },
      "properties": {
        "id": 721,
        "dataset_size": 1000,
        "x": -562546.8719408279,
        "y": -1078159.9268775813
      }
    },
    {
      "type": "Feature",
      "geometry": {
        "type": "Point",
        "coordinates": [
          -527110.0418580372,
          -1106750.8509293194
        ]
      },
      "properties": {
        "id": 722,
        "dataset_size": 1000,
        "x": -527110.0418580372,
        "y": -1106750.8509293194
      }
    },
    {
      "type": "Feature",
      "geometry": {
        "type": "Point",
        "coordinates": [
          -560879.4295677716,
          -1074483.26302551
        ]
      },
      "properties": {
        "id": 723,
        "dataset_size": 1000,
        "x": -560879.4295677716,
        "y": -1074483.26302551
      }
    },
    {
      "type": "Feature",
      "geometry": {
        "type": "Point",
        "coordinates": [
          -534630.4323228358,
          -1103596.380310944
        ]
      },
      "properties": {
        "id": 724,
        "dataset_size": 1000,
        "x": -534630.4323228358,
        "y": -1103596.380310944
      }
    },
    {
      "type": "Feature",
      "geometry": {
        "type": "Point",
        "coordinates": [
          -547265.1340805561,
          -1109964.241132788
        ]
      },
      "properties": {
        "id": 725,
        "dataset_size": 1000,
        "x": -547265.1340805561,
        "y": -1109964.241132788
      }
    },
    {
      "type": "Feature",
      "geometry": {
        "type": "Point",
        "coordinates": [
          -542681.0992057206,
          -1101227.5413184366
        ]
      },
      "properties": {
        "id": 726,
        "dataset_size": 1000,
        "x": -542681.0992057206,
        "y": -1101227.5413184366
      }
    },
    {
      "type": "Feature",
      "geometry": {
        "type": "Point",
        "coordinates": [
          -558428.4320998128,
          -1032426.2423895107
        ]
      },
      "properties": {
        "id": 727,
        "dataset_size": 1000,
        "x": -558428.4320998128,
        "y": -1032426.2423895107
      }
    },
    {
      "type": "Feature",
      "geometry": {
        "type": "Point",
        "coordinates": [
          -534950.7604841443,
          -1130933.3033968552
        ]
      },
      "properties": {
        "id": 728,
        "dataset_size": 1000,
        "x": -534950.7604841443,
        "y": -1130933.3033968552
      }
    },
    {
      "type": "Feature",
      "geometry": {
        "type": "Point",
        "coordinates": [
          -530675.7961516601,
          -1119969.7602084153
        ]
      },
      "properties": {
        "id": 729,
        "dataset_size": 1000,
        "x": -530675.7961516601,
        "y": -1119969.7602084153
      }
    },
    {
      "type": "Feature",
      "geometry": {
        "type": "Point",
        "coordinates": [
          -548094.9548083876,
          -1040447.3850235203
        ]
      },
      "properties": {
        "id": 730,
        "dataset_size": 1000,
        "x": -548094.9548083876,
        "y": -1040447.3850235203
      }
    },
    {
      "type": "Feature",
      "geometry": {
        "type": "Point",
        "coordinates": [
          -577079.1575975807,
          -1086261.7594768857
        ]
      },
      "properties": {
        "id": 731,
        "dataset_size": 1000,
        "x": -577079.1575975807,
        "y": -1086261.7594768857
      }
    },
    {
      "type": "Feature",
      "geometry": {
        "type": "Point",
        "coordinates": [
          -554302.4031144684,
          -1092558.5623784568
        ]
      },
      "properties": {
        "id": 732,
        "dataset_size": 1000,
        "x": -554302.4031144684,
        "y": -1092558.5623784568
      }
    },
    {
      "type": "Feature",
      "geometry": {
        "type": "Point",
        "coordinates": [
          -578082.8392239062,
          -1090374.3308837686
        ]
      },
      "properties": {
        "id": 733,
        "dataset_size": 1000,
        "x": -578082.8392239062,
        "y": -1090374.3308837686
      }
    },
    {
      "type": "Feature",
      "geometry": {
        "type": "Point",
        "coordinates": [
          -527244.4187154358,
          -1108404.9259671222
        ]
      },
      "properties": {
        "id": 734,
        "dataset_size": 1000,
        "x": -527244.4187154358,
        "y": -1108404.9259671222
      }
    },
    {
      "type": "Feature",
      "geometry": {
        "type": "Point",
        "coordinates": [
          -555228.0465930314,
          -1082667.199099387
        ]
      },
      "properties": {
        "id": 735,
        "dataset_size": 1000,
        "x": -555228.0465930314,
        "y": -1082667.199099387
      }
    },
    {
      "type": "Feature",
      "geometry": {
        "type": "Point",
        "coordinates": [
          -529990.1109682817,
          -1110226.7268157727
        ]
      },
      "properties": {
        "id": 736,
        "dataset_size": 1000,
        "x": -529990.1109682817,
        "y": -1110226.7268157727
      }
    },
    {
      "type": "Feature",
      "geometry": {
        "type": "Point",
        "coordinates": [
          -525725.2839070257,
          -1108347.9388734577
        ]
      },
      "properties": {
        "id": 737,
        "dataset_size": 1000,
        "x": -525725.2839070257,
        "y": -1108347.9388734577
      }
    },
    {
      "type": "Feature",
      "geometry": {
        "type": "Point",
        "coordinates": [
          -567071.5549112429,
          -1118641.6830184034
        ]
      },
      "properties": {
        "id": 738,
        "dataset_size": 1000,
        "x": -567071.5549112429,
        "y": -1118641.6830184034
      }
    },
    {
      "type": "Feature",
      "geometry": {
        "type": "Point",
        "coordinates": [
          -546662.5999403696,
          -1132023.726853243
        ]
      },
      "properties": {
        "id": 739,
        "dataset_size": 1000,
        "x": -546662.5999403696,
        "y": -1132023.726853243
      }
    },
    {
      "type": "Feature",
      "geometry": {
        "type": "Point",
        "coordinates": [
          -546756.1721562479,
          -1107891.244122477
        ]
      },
      "properties": {
        "id": 740,
        "dataset_size": 1000,
        "x": -546756.1721562479,
        "y": -1107891.244122477
      }
    },
    {
      "type": "Feature",
      "geometry": {
        "type": "Point",
        "coordinates": [
          -576816.954371708,
          -1130945.140816986
        ]
      },
      "properties": {
        "id": 741,
        "dataset_size": 1000,
        "x": -576816.954371708,
        "y": -1130945.140816986
      }
    },
    {
      "type": "Feature",
      "geometry": {
        "type": "Point",
        "coordinates": [
          -537433.2713781422,
          -1048322.0167562179
        ]
      },
      "properties": {
        "id": 742,
        "dataset_size": 1000,
        "x": -537433.2713781422,
        "y": -1048322.0167562179
      }
    },
    {
      "type": "Feature",
      "geometry": {
        "type": "Point",
        "coordinates": [
          -532024.1584246054,
          -1099087.8422952094
        ]
      },
      "properties": {
        "id": 743,
        "dataset_size": 1000,
        "x": -532024.1584246054,
        "y": -1099087.8422952094
      }
    },
    {
      "type": "Feature",
      "geometry": {
        "type": "Point",
        "coordinates": [
          -544052.2362365723,
          -1143234.2618811452
        ]
      },
      "properties": {
        "id": 744,
        "dataset_size": 1000,
        "x": -544052.2362365723,
        "y": -1143234.2618811452
      }
    },
    {
      "type": "Feature",
      "geometry": {
        "type": "Point",
        "coordinates": [
          -541706.34216426,
          -1132021.7328093965
        ]
      },
      "properties": {
        "id": 745,
        "dataset_size": 1000,
        "x": -541706.34216426,
        "y": -1132021.7328093965
      }
    },
    {
      "type": "Feature",
      "geometry": {
        "type": "Point",
        "coordinates": [
          -527974.3287095738,
          -1102558.2300190942
        ]
      },
      "properties": {
        "id": 746,
        "dataset_size": 1000,
        "x": -527974.3287095738,
        "y": -1102558.2300190942
      }
    },
    {
      "type": "Feature",
      "geometry": {
        "type": "Point",
        "coordinates": [
          -565427.8175251385,
          -1071293.6325632741
        ]
      },
      "properties": {
        "id": 747,
        "dataset_size": 1000,
        "x": -565427.8175251385,
        "y": -1071293.6325632741
      }
    },
    {
      "type": "Feature",
      "geometry": {
        "type": "Point",
        "coordinates": [
          -576297.8821094449,
          -1087986.7691941217
        ]
      },
      "properties": {
        "id": 748,
        "dataset_size": 1000,
        "x": -576297.8821094449,
        "y": -1087986.7691941217
      }
    },
    {
      "type": "Feature",
      "geometry": {
        "type": "Point",
        "coordinates": [
          -532312.7493783144,
          -1127968.9327020233
        ]
      },
      "properties": {
        "id": 749,
        "dataset_size": 1000,
        "x": -532312.7493783144,
        "y": -1127968.9327020233
      }
    },
    {
      "type": "Feature",
      "geometry": {
        "type": "Point",
        "coordinates": [
          -560012.5277296191,
          -1082492.2562878474
        ]
      },
      "properties": {
        "id": 750,
        "dataset_size": 1000,
        "x": -560012.5277296191,
        "y": -1082492.2562878474
      }
    },
    {
      "type": "Feature",
      "geometry": {
        "type": "Point",
        "coordinates": [
          -559508.4996146677,
          -1137639.79223594
        ]
      },
      "properties": {
        "id": 751,
        "dataset_size": 1000,
        "x": -559508.4996146677,
        "y": -1137639.79223594
      }
    },
    {
      "type": "Feature",
      "geometry": {
        "type": "Point",
        "coordinates": [
          -558784.7698845605,
          -1027484.9838104534
        ]
      },
      "properties": {
        "id": 752,
        "dataset_size": 1000,
        "x": -558784.7698845605,
        "y": -1027484.9838104534
      }
    },
    {
      "type": "Feature",
      "geometry": {
        "type": "Point",
        "coordinates": [
          -568025.8058258438,
          -1130287.3523054905
        ]
      },
      "properties": {
        "id": 753,
        "dataset_size": 1000,
        "x": -568025.8058258438,
        "y": -1130287.3523054905
      }
    },
    {
      "type": "Feature",
      "geometry": {
        "type": "Point",
        "coordinates": [
          -570974.958513854,
          -1096654.9372960222
        ]
      },
      "properties": {
        "id": 754,
        "dataset_size": 1000,
        "x": -570974.958513854,
        "y": -1096654.9372960222
      }
    },
    {
      "type": "Feature",
      "geometry": {
        "type": "Point",
        "coordinates": [
          -574948.2987378092,
          -1118262.0354636617
        ]
      },
      "properties": {
        "id": 755,
        "dataset_size": 1000,
        "x": -574948.2987378092,
        "y": -1118262.0354636617
      }
    },
    {
      "type": "Feature",
      "geometry": {
        "type": "Point",
        "coordinates": [
          -530218.0495385344,
          -1138515.7874872815
        ]
      },
      "properties": {
        "id": 756,
        "dataset_size": 1000,
        "x": -530218.0495385344,
        "y": -1138515.7874872815
      }
    },
    {
      "type": "Feature",
      "geometry": {
        "type": "Point",
        "coordinates": [
          -505038.0943854052,
          -1133451.6706272978
        ]
      },
      "properties": {
        "id": 757,
        "dataset_size": 1000,
        "x": -505038.0943854052,
        "y": -1133451.6706272978
      }
    },
    {
      "type": "Feature",
      "geometry": {
        "type": "Point",
        "coordinates": [
          -528705.4464302051,
          -1095983.1274209346
        ]
      },
      "properties": {
        "id": 758,
        "dataset_size": 1000,
        "x": -528705.4464302051,
        "y": -1095983.1274209346
      }
    },
    {
      "type": "Feature",
      "geometry": {
        "type": "Point",
        "coordinates": [
          -540795.6187632715,
          -1123737.2244814895
        ]
      },
      "properties": {
        "id": 759,
        "dataset_size": 1000,
        "x": -540795.6187632715,
        "y": -1123737.2244814895
      }
    },
    {
      "type": "Feature",
      "geometry": {
        "type": "Point",
        "coordinates": [
          -521112.65849953634,
          -1138897.8481833716
        ]
      },
      "properties": {
        "id": 760,
        "dataset_size": 1000,
        "x": -521112.65849953634,
        "y": -1138897.8481833716
      }
    },
    {
      "type": "Feature",
      "geometry": {
        "type": "Point",
        "coordinates": [
          -528562.2648021409,
          -1133005.330766376
        ]
      },
      "properties": {
        "id": 761,
        "dataset_size": 1000,
        "x": -528562.2648021409,
        "y": -1133005.330766376
      }
    },
    {
      "type": "Feature",
      "geometry": {
        "type": "Point",
        "coordinates": [
          -506852.42843918724,
          -1129003.748037164
        ]
      },
      "properties": {
        "id": 762,
        "dataset_size": 1000,
        "x": -506852.42843918724,
        "y": -1129003.748037164
      }
    },
    {
      "type": "Feature",
      "geometry": {
        "type": "Point",
        "coordinates": [
          -539204.2162136498,
          -1050696.0307049665
        ]
      },
      "properties": {
        "id": 763,
        "dataset_size": 1000,
        "x": -539204.2162136498,
        "y": -1050696.0307049665
      }
    },
    {
      "type": "Feature",
      "geometry": {
        "type": "Point",
        "coordinates": [
          -520554.57788350055,
          -1135331.968932851
        ]
      },
      "properties": {
        "id": 764,
        "dataset_size": 1000,
        "x": -520554.57788350055,
        "y": -1135331.968932851
      }
    },
    {
      "type": "Feature",
      "geometry": {
        "type": "Point",
        "coordinates": [
          -537133.6254830335,
          -1056714.2549731592
        ]
      },
      "properties": {
        "id": 765,
        "dataset_size": 1000,
        "x": -537133.6254830335,
        "y": -1056714.2549731592
      }
    },
    {
      "type": "Feature",
      "geometry": {
        "type": "Point",
        "coordinates": [
          -541425.7187033648,
          -1043024.1573849618
        ]
      },
      "properties": {
        "id": 766,
        "dataset_size": 1000,
        "x": -541425.7187033648,
        "y": -1043024.1573849618
      }
    },
    {
      "type": "Feature",
      "geometry": {
        "type": "Point",
        "coordinates": [
          -547180.6853534379,
          -1104034.3998038038
        ]
      },
      "properties": {
        "id": 767,
        "dataset_size": 1000,
        "x": -547180.6853534379,
        "y": -1104034.3998038038
      }
    },
    {
      "type": "Feature",
      "geometry": {
        "type": "Point",
        "coordinates": [
          -549475.8628752495,
          -1136363.9127678517
        ]
      },
      "properties": {
        "id": 768,
        "dataset_size": 1000,
        "x": -549475.8628752495,
        "y": -1136363.9127678517
      }
    },
    {
      "type": "Feature",
      "geometry": {
        "type": "Point",
        "coordinates": [
          -552567.4880319228,
          -1123386.9035042925
        ]
      },
      "properties": {
        "id": 769,
        "dataset_size": 1000,
        "x": -552567.4880319228,
        "y": -1123386.9035042925
      }
    },
    {
      "type": "Feature",
      "geometry": {
        "type": "Point",
        "coordinates": [
          -545115.3600053206,
          -1110501.9722060082
        ]
      },
      "properties": {
        "id": 770,
        "dataset_size": 1000,
        "x": -545115.3600053206,
        "y": -1110501.9722060082
      }
    },
    {
      "type": "Feature",
      "geometry": {
        "type": "Point",
        "coordinates": [
          -543946.5666020364,
          -1044043.2639961607
        ]
      },
      "properties": {
        "id": 771,
        "dataset_size": 1000,
        "x": -543946.5666020364,
        "y": -1044043.2639961607
      }
    },
    {
      "type": "Feature",
      "geometry": {
        "type": "Point",
        "coordinates": [
          -550375.4660528279,
          -1071880.67243876
        ]
      },
      "properties": {
        "id": 772,
        "dataset_size": 1000,
        "x": -550375.4660528279,
        "y": -1071880.67243876
      }
    },
    {
      "type": "Feature",
      "geometry": {
        "type": "Point",
        "coordinates": [
          -570895.4364336925,
          -1115417.2304922126
        ]
      },
      "properties": {
        "id": 773,
        "dataset_size": 1000,
        "x": -570895.4364336925,
        "y": -1115417.2304922126
      }
    },
    {
      "type": "Feature",
      "geometry": {
        "type": "Point",
        "coordinates": [
          -503765.0554168491,
          -1132472.3132434897
        ]
      },
      "properties": {
        "id": 774,
        "dataset_size": 1000,
        "x": -503765.0554168491,
        "y": -1132472.3132434897
      }
    },
    {
      "type": "Feature",
      "geometry": {
        "type": "Point",
        "coordinates": [
          -544215.3936397681,
          -1145725.596518112
        ]
      },
      "properties": {
        "id": 775,
        "dataset_size": 1000,
        "x": -544215.3936397681,
        "y": -1145725.596518112
      }
    },
    {
      "type": "Feature",
      "geometry": {
        "type": "Point",
        "coordinates": [
          -560344.9840212748,
          -1029372.0070790065
        ]
      },
      "properties": {
        "id": 776,
        "dataset_size": 1000,
        "x": -560344.9840212748,
        "y": -1029372.0070790065
      }
    },
    {
      "type": "Feature",
      "geometry": {
        "type": "Point",
        "coordinates": [
          -581114.0090116747,
          -1130307.868103781
        ]
      },
      "properties": {
        "id": 777,
        "dataset_size": 1000,
        "x": -581114.0090116747,
        "y": -1130307.868103781
      }
    },
    {
      "type": "Feature",
      "geometry": {
        "type": "Point",
        "coordinates": [
          -577692.9081099373,
          -1100265.8348983065
        ]
      },
      "properties": {
        "id": 778,
        "dataset_size": 1000,
        "x": -577692.9081099373,
        "y": -1100265.8348983065
      }
    },
    {
      "type": "Feature",
      "geometry": {
        "type": "Point",
        "coordinates": [
          -510682.7918206047,
          -1137145.3167147406
        ]
      },
      "properties": {
        "id": 779,
        "dataset_size": 1000,
        "x": -510682.7918206047,
        "y": -1137145.3167147406
      }
    },
    {
      "type": "Feature",
      "geometry": {
        "type": "Point",
        "coordinates": [
          -546975.740586549,
          -1142022.2609945424
        ]
      },
      "properties": {
        "id": 780,
        "dataset_size": 1000,
        "x": -546975.740586549,
        "y": -1142022.2609945424
      }
    },
    {
      "type": "Feature",
      "geometry": {
        "type": "Point",
        "coordinates": [
          -556246.1017332493,
          -1066545.7188304306
        ]
      },
      "properties": {
        "id": 781,
        "dataset_size": 1000,
        "x": -556246.1017332493,
        "y": -1066545.7188304306
      }
    },
    {
      "type": "Feature",
      "geometry": {
        "type": "Point",
        "coordinates": [
          -536698.3591591555,
          -1094843.0036273762
        ]
      },
      "properties": {
        "id": 782,
        "dataset_size": 1000,
        "x": -536698.3591591555,
        "y": -1094843.0036273762
      }
    },
    {
      "type": "Feature",
      "geometry": {
        "type": "Point",
        "coordinates": [
          -552592.9996698159,
          -1150241.1757355651
        ]
      },
      "properties": {
        "id": 783,
        "dataset_size": 1000,
        "x": -552592.9996698159,
        "y": -1150241.1757355651
      }
    },
    {
      "type": "Feature",
      "geometry": {
        "type": "Point",
        "coordinates": [
          -526104.9124324531,
          -1120939.623081829
        ]
      },
      "properties": {
        "id": 784,
        "dataset_size": 1000,
        "x": -526104.9124324531,
        "y": -1120939.623081829
      }
    },
    {
      "type": "Feature",
      "geometry": {
        "type": "Point",
        "coordinates": [
          -564550.2446980969,
          -1082073.8513846255
        ]
      },
      "properties": {
        "id": 785,
        "dataset_size": 1000,
        "x": -564550.2446980969,
        "y": -1082073.8513846255
      }
    },
    {
      "type": "Feature",
      "geometry": {
        "type": "Point",
        "coordinates": [
          -517686.03378273535,
          -1107706.4116409335
        ]
      },
      "properties": {
        "id": 786,
        "dataset_size": 1000,
        "x": -517686.03378273535,
        "y": -1107706.4116409335
      }
    },
    {
      "type": "Feature",
      "geometry": {
        "type": "Point",
        "coordinates": [
          -550368.8841449354,
          -1075287.3846557243
        ]
      },
      "properties": {
        "id": 787,
        "dataset_size": 1000,
        "x": -550368.8841449354,
        "y": -1075287.3846557243
      }
    },
    {
      "type": "Feature",
      "geometry": {
        "type": "Point",
        "coordinates": [
          -559376.4328504017,
          -1137138.3611596862
        ]
      },
      "properties": {
        "id": 788,
        "dataset_size": 1000,
        "x": -559376.4328504017,
        "y": -1137138.3611596862
      }
    },
    {
      "type": "Feature",
      "geometry": {
        "type": "Point",
        "coordinates": [
          -550405.7205700816,
          -1114682.2255258374
        ]
      },
      "properties": {
        "id": 789,
        "dataset_size": 1000,
        "x": -550405.7205700816,
        "y": -1114682.2255258374
      }
    },
    {
      "type": "Feature",
      "geometry": {
        "type": "Point",
        "coordinates": [
          -541190.8123012293,
          -1044756.2582389822
        ]
      },
      "properties": {
        "id": 790,
        "dataset_size": 1000,
        "x": -541190.8123012293,
        "y": -1044756.2582389822
      }
    },
    {
      "type": "Feature",
      "geometry": {
        "type": "Point",
        "coordinates": [
          -558413.2775212087,
          -1108204.2910405323
        ]
      },
      "properties": {
        "id": 791,
        "dataset_size": 1000,
        "x": -558413.2775212087,
        "y": -1108204.2910405323
      }
    },
    {
      "type": "Feature",
      "geometry": {
        "type": "Point",
        "coordinates": [
          -539279.6913192903,
          -1044814.660005048
        ]
      },
      "properties": {
        "id": 792,
        "dataset_size": 1000,
        "x": -539279.6913192903,
        "y": -1044814.660005048
      }
    },
    {
      "type": "Feature",
      "geometry": {
        "type": "Point",
        "coordinates": [
          -559944.9621665019,
          -1131781.9117504943
        ]
      },
      "properties": {
        "id": 793,
        "dataset_size": 1000,
        "x": -559944.9621665019,
        "y": -1131781.9117504943
      }
    },
    {
      "type": "Feature",
      "geometry": {
        "type": "Point",
        "coordinates": [
          -541883.0375730826,
          -1103540.6970708547
        ]
      },
      "properties": {
        "id": 794,
        "dataset_size": 1000,
        "x": -541883.0375730826,
        "y": -1103540.6970708547
      }
    },
    {
      "type": "Feature",
      "geometry": {
        "type": "Point",
        "coordinates": [
          -516976.02700363426,
          -1107896.4302539688
        ]
      },
      "properties": {
        "id": 795,
        "dataset_size": 1000,
        "x": -516976.02700363426,
        "y": -1107896.4302539688
      }
    },
    {
      "type": "Feature",
      "geometry": {
        "type": "Point",
        "coordinates": [
          -576124.6131192248,
          -1112237.4783486966
        ]
      },
      "properties": {
        "id": 796,
        "dataset_size": 1000,
        "x": -576124.6131192248,
        "y": -1112237.4783486966
      }
    },
    {
      "type": "Feature",
      "geometry": {
        "type": "Point",
        "coordinates": [
          -535276.9323180562,
          -1102177.9818288442
        ]
      },
      "properties": {
        "id": 797,
        "dataset_size": 1000,
        "x": -535276.9323180562,
        "y": -1102177.9818288442
      }
    },
    {
      "type": "Feature",
      "geometry": {
        "type": "Point",
        "coordinates": [
          -546488.8890255303,
          -1142511.0439315042
        ]
      },
      "properties": {
        "id": 798,
        "dataset_size": 1000,
        "x": -546488.8890255303,
        "y": -1142511.0439315042
      }
    },
    {
      "type": "Feature",
      "geometry": {
        "type": "Point",
        "coordinates": [
          -567584.3151046559,
          -1115716.8547743787
        ]
      },
      "properties": {
        "id": 799,
        "dataset_size": 1000,
        "x": -567584.3151046559,
        "y": -1115716.8547743787
      }
    },
    {
      "type": "Feature",
      "geometry": {
        "type": "Point",
        "coordinates": [
          -532133.3742901623,
          -1102140.9366613498
        ]
      },
      "properties": {
        "id": 800,
        "dataset_size": 1000,
        "x": -532133.3742901623,
        "y": -1102140.9366613498
      }
    },
    {
      "type": "Feature",
      "geometry": {
        "type": "Point",
        "coordinates": [
          -545160.7772130647,
          -1042871.2544131636
        ]
      },
      "properties": {
        "id": 801,
        "dataset_size": 1000,
        "x": -545160.7772130647,
        "y": -1042871.2544131636
      }
    },
    {
      "type": "Feature",
      "geometry": {
        "type": "Point",
        "coordinates": [
          -548402.0533835061,
          -1150294.0822347393
        ]
      },
      "properties": {
        "id": 802,
        "dataset_size": 1000,
        "x": -548402.0533835061,
        "y": -1150294.0822347393
      }
    },
    {
      "type": "Feature",
      "geometry": {
        "type": "Point",
        "coordinates": [
          -524388.2458468484,
          -1140097.323449791
        ]
      },
      "properties": {
        "id": 803,
        "dataset_size": 1000,
        "x": -524388.2458468484,
        "y": -1140097.323449791
      }
    },
    {
      "type": "Feature",
      "geometry": {
        "type": "Point",
        "coordinates": [
          -540608.0829313325,
          -1051620.9546515788
        ]
      },
      "properties": {
        "id": 804,
        "dataset_size": 1000,
        "x": -540608.0829313325,
        "y": -1051620.9546515788
      }
    },
    {
      "type": "Feature",
      "geometry": {
        "type": "Point",
        "coordinates": [
          -553628.198549071,
          -1101334.0720787495
        ]
      },
      "properties": {
        "id": 805,
        "dataset_size": 1000,
        "x": -553628.198549071,
        "y": -1101334.0720787495
      }
    },
    {
      "type": "Feature",
      "geometry": {
        "type": "Point",
        "coordinates": [
          -547773.3501212611,
          -1108906.605849794
        ]
      },
      "properties": {
        "id": 806,
        "dataset_size": 1000,
        "x": -547773.3501212611,
        "y": -1108906.605849794
      }
    },
    {
      "type": "Feature",
      "geometry": {
        "type": "Point",
        "coordinates": [
          -565673.5553060662,
          -1139678.055941526
        ]
      },
      "properties": {
        "id": 807,
        "dataset_size": 1000,
        "x": -565673.5553060662,
        "y": -1139678.055941526
      }
    },
    {
      "type": "Feature",
      "geometry": {
        "type": "Point",
        "coordinates": [
          -555256.6371312898,
          -1149497.9089084766
        ]
      },
      "properties": {
        "id": 808,
        "dataset_size": 1000,
        "x": -555256.6371312898,
        "y": -1149497.9089084766
      }
    },
    {
      "type": "Feature",
      "geometry": {
        "type": "Point",
        "coordinates": [
          -549172.3139648276,
          -1068975.736519416
        ]
      },
      "properties": {
        "id": 809,
        "dataset_size": 1000,
        "x": -549172.3139648276,
        "y": -1068975.736519416
      }
    },
    {
      "type": "Feature",
      "geometry": {
        "type": "Point",
        "coordinates": [
          -561075.5603505436,
          -1142950.00043558
        ]
      },
      "properties": {
        "id": 810,
        "dataset_size": 1000,
        "x": -561075.5603505436,
        "y": -1142950.00043558
      }
    },
    {
      "type": "Feature",
      "geometry": {
        "type": "Point",
        "coordinates": [
          -534874.4154570356,
          -1145512.9823008107
        ]
      },
      "properties": {
        "id": 811,
        "dataset_size": 1000,
        "x": -534874.4154570356,
        "y": -1145512.9823008107
      }
    },
    {
      "type": "Feature",
      "geometry": {
        "type": "Point",
        "coordinates": [
          -547185.2609615852,
          -1124855.826798172
        ]
      },
      "properties": {
        "id": 812,
        "dataset_size": 1000,
        "x": -547185.2609615852,
        "y": -1124855.826798172
      }
    },
    {
      "type": "Feature",
      "geometry": {
        "type": "Point",
        "coordinates": [
          -535824.882668252,
          -1107297.781314104
        ]
      },
      "properties": {
        "id": 813,
        "dataset_size": 1000,
        "x": -535824.882668252,
        "y": -1107297.781314104
      }
    },
    {
      "type": "Feature",
      "geometry": {
        "type": "Point",
        "coordinates": [
          -561971.9328855406,
          -1083598.5123723343
        ]
      },
      "properties": {
        "id": 814,
        "dataset_size": 1000,
        "x": -561971.9328855406,
        "y": -1083598.5123723343
      }
    },
    {
      "type": "Feature",
      "geometry": {
        "type": "Point",
        "coordinates": [
          -533080.6071044207,
          -1041317.1550967075
        ]
      },
      "properties": {
        "id": 815,
        "dataset_size": 1000,
        "x": -533080.6071044207,
        "y": -1041317.1550967075
      }
    },
    {
      "type": "Feature",
      "geometry": {
        "type": "Point",
        "coordinates": [
          -525413.053132792,
          -1126912.3136599746
        ]
      },
      "properties": {
        "id": 816,
        "dataset_size": 1000,
        "x": -525413.053132792,
        "y": -1126912.3136599746
      }
    },
    {
      "type": "Feature",
      "geometry": {
        "type": "Point",
        "coordinates": [
          -568995.8201250905,
          -1109745.376115867
        ]
      },
      "properties": {
        "id": 817,
        "dataset_size": 1000,
        "x": -568995.8201250905,
        "y": -1109745.376115867
      }
    },
    {
      "type": "Feature",
      "geometry": {
        "type": "Point",
        "coordinates": [
          -529308.4687982249,
          -1132916.9926898552
        ]
      },
      "properties": {
        "id": 818,
        "dataset_size": 1000,
        "x": -529308.4687982249,
        "y": -1132916.9926898552
      }
    },
    {
      "type": "Feature",
      "geometry": {
        "type": "Point",
        "coordinates": [
          -536335.8658804884,
          -1104392.6541842858
        ]
      },
      "properties": {
        "id": 819,
        "dataset_size": 1000,
        "x": -536335.8658804884,
        "y": -1104392.6541842858
      }
    },
    {
      "type": "Feature",
      "geometry": {
        "type": "Point",
        "coordinates": [
          -539383.0847413881,
          -1098924.3997579543
        ]
      },
      "properties": {
        "id": 820,
        "dataset_size": 1000,
        "x": -539383.0847413881,
        "y": -1098924.3997579543
      }
    },
    {
      "type": "Feature",
      "geometry": {
        "type": "Point",
        "coordinates": [
          -574738.4423815024,
          -1087862.4619895306
        ]
      },
      "properties": {
        "id": 821,
        "dataset_size": 1000,
        "x": -574738.4423815024,
        "y": -1087862.4619895306
      }
    },
    {
      "type": "Feature",
      "geometry": {
        "type": "Point",
        "coordinates": [
          -527586.5636313115,
          -1107758.4755372696
        ]
      },
      "properties": {
        "id": 822,
        "dataset_size": 1000,
        "x": -527586.5636313115,
        "y": -1107758.4755372696
      }
    },
    {
      "type": "Feature",
      "geometry": {
        "type": "Point",
        "coordinates": [
          -566460.7454131405,
          -1138141.1318915337
        ]
      },
      "properties": {
        "id": 823,
        "dataset_size": 1000,
        "x": -566460.7454131405,
        "y": -1138141.1318915337
      }
    },
    {
      "type": "Feature",
      "geometry": {
        "type": "Point",
        "coordinates": [
          -574094.5133264874,
          -1121497.0912060547
        ]
      },
      "properties": {
        "id": 824,
        "dataset_size": 1000,
        "x": -574094.5133264874,
        "y": -1121497.0912060547
      }
    },
    {
      "type": "Feature",
      "geometry": {
        "type": "Point",
        "coordinates": [
          -553168.533332424,
          -1079779.9083107451
        ]
      },
      "properties": {
        "id": 825,
        "dataset_size": 1000,
        "x": -553168.533332424,
        "y": -1079779.9083107451
      }
    },
    {
      "type": "Feature",
      "geometry": {
        "type": "Point",
        "coordinates": [
          -526011.2091971831,
          -1103298.890552936
        ]
      },
      "properties": {
        "id": 826,
        "dataset_size": 1000,
        "x": -526011.2091971831,
        "y": -1103298.890552936
      }
    },
    {
      "type": "Feature",
      "geometry": {
        "type": "Point",
        "coordinates": [
          -574939.6336835992,
          -1102461.2490505602
        ]
      },
      "properties": {
        "id": 827,
        "dataset_size": 1000,
        "x": -574939.6336835992,
        "y": -1102461.2490505602
      }
    },
    {
      "type": "Feature",
      "geometry": {
        "type": "Point",
        "coordinates": [
          -576825.7537080559,
          -1125515.7254848913
        ]
      },
      "properties": {
        "id": 828,
        "dataset_size": 1000,
        "x": -576825.7537080559,
        "y": -1125515.7254848913
      }
    },
    {
      "type": "Feature",
      "geometry": {
        "type": "Point",
        "coordinates": [
          -560167.9357254481,
          -1076705.358808983
        ]
      },
      "properties": {
        "id": 829,
        "dataset_size": 1000,
        "x": -560167.9357254481,
        "y": -1076705.358808983
      }
    },
    {
      "type": "Feature",
      "geometry": {
        "type": "Point",
        "coordinates": [
          -576670.5890238371,
          -1132987.9468566137
        ]
      },
      "properties": {
        "id": 830,
        "dataset_size": 1000,
        "x": -576670.5890238371,
        "y": -1132987.9468566137
      }
    },
    {
      "type": "Feature",
      "geometry": {
        "type": "Point",
        "coordinates": [
          -571679.5258250386,
          -1074693.8452220138
        ]
      },
      "properties": {
        "id": 831,
        "dataset_size": 1000,
        "x": -571679.5258250386,
        "y": -1074693.8452220138
      }
    },
    {
      "type": "Feature",
      "geometry": {
        "type": "Point",
        "coordinates": [
          -556028.9203437754,
          -1036044.5773509408
        ]
      },
      "properties": {
        "id": 832,
        "dataset_size": 1000,
        "x": -556028.9203437754,
        "y": -1036044.5773509408
      }
    },
    {
      "type": "Feature",
      "geometry": {
        "type": "Point",
        "coordinates": [
          -509000.053150399,
          -1127751.0986739981
        ]
      },
      "properties": {
        "id": 833,
        "dataset_size": 1000,
        "x": -509000.053150399,
        "y": -1127751.0986739981
      }
    },
    {
      "type": "Feature",
      "geometry": {
        "type": "Point",
        "coordinates": [
          -541798.4353336428,
          -1047933.5507793236
        ]
      },
      "properties": {
        "id": 834,
        "dataset_size": 1000,
        "x": -541798.4353336428,
        "y": -1047933.5507793236
      }
    },
    {
      "type": "Feature",
      "geometry": {
        "type": "Point",
        "coordinates": [
          -554051.5841071631,
          -1112913.4337167994
        ]
      },
      "properties": {
        "id": 835,
        "dataset_size": 1000,
        "x": -554051.5841071631,
        "y": -1112913.4337167994
      }
    },
    {
      "type": "Feature",
      "geometry": {
        "type": "Point",
        "coordinates": [
          -521170.7994672244,
          -1138146.153343821
        ]
      },
      "properties": {
        "id": 836,
        "dataset_size": 1000,
        "x": -521170.7994672244,
        "y": -1138146.153343821
      }
    },
    {
      "type": "Feature",
      "geometry": {
        "type": "Point",
        "coordinates": [
          -542996.8826827507,
          -1050800.254845959
        ]
      },
      "properties": {
        "id": 837,
        "dataset_size": 1000,
        "x": -542996.8826827507,
        "y": -1050800.254845959
      }
    },
    {
      "type": "Feature",
      "geometry": {
        "type": "Point",
        "coordinates": [
          -540934.6537793768,
          -1108854.0776713146
        ]
      },
      "properties": {
        "id": 838,
        "dataset_size": 1000,
        "x": -540934.6537793768,
        "y": -1108854.0776713146
      }
    },
    {
      "type": "Feature",
      "geometry": {
        "type": "Point",
        "coordinates": [
          -529469.1963618185,
          -1102867.6909054122
        ]
      },
      "properties": {
        "id": 839,
        "dataset_size": 1000,
        "x": -529469.1963618185,
        "y": -1102867.6909054122
      }
    },
    {
      "type": "Feature",
      "geometry": {
        "type": "Point",
        "coordinates": [
          -546542.7353988097,
          -1053375.1069413975
        ]
      },
      "properties": {
        "id": 840,
        "dataset_size": 1000,
        "x": -546542.7353988097,
        "y": -1053375.1069413975
      }
    },
    {
      "type": "Feature",
      "geometry": {
        "type": "Point",
        "coordinates": [
          -531532.8051655025,
          -1134190.2357183103
        ]
      },
      "properties": {
        "id": 841,
        "dataset_size": 1000,
        "x": -531532.8051655025,
        "y": -1134190.2357183103
      }
    },
    {
      "type": "Feature",
      "geometry": {
        "type": "Point",
        "coordinates": [
          -564073.6527467081,
          -1090779.852003046
        ]
      },
      "properties": {
        "id": 842,
        "dataset_size": 1000,
        "x": -564073.6527467081,
        "y": -1090779.852003046
      }
    },
    {
      "type": "Feature",
      "geometry": {
        "type": "Point",
        "coordinates": [
          -560207.8362201492,
          -1139307.6526142193
        ]
      },
      "properties": {
        "id": 843,
        "dataset_size": 1000,
        "x": -560207.8362201492,
        "y": -1139307.6526142193
      }
    },
    {
      "type": "Feature",
      "geometry": {
        "type": "Point",
        "coordinates": [
          -547021.7197675635,
          -1138299.066777642
        ]
      },
      "properties": {
        "id": 844,
        "dataset_size": 1000,
        "x": -547021.7197675635,
        "y": -1138299.066777642
      }
    },
    {
      "type": "Feature",
      "geometry": {
        "type": "Point",
        "coordinates": [
          -551706.3536855669,
          -1095190.4091227253
        ]
      },
      "properties": {
        "id": 845,
        "dataset_size": 1000,
        "x": -551706.3536855669,
        "y": -1095190.4091227253
      }
    },
    {
      "type": "Feature",
      "geometry": {
        "type": "Point",
        "coordinates": [
          -543473.6403636143,
          -1051264.9769877417
        ]
      },
      "properties": {
        "id": 846,
        "dataset_size": 1000,
        "x": -543473.6403636143,
        "y": -1051264.9769877417
      }
    },
    {
      "type": "Feature",
      "geometry": {
        "type": "Point",
        "coordinates": [
          -541414.3031595474,
          -1103628.6214811506
        ]
      },
      "properties": {
        "id": 847,
        "dataset_size": 1000,
        "x": -541414.3031595474,
        "y": -1103628.6214811506
      }
    },
    {
      "type": "Feature",
      "geometry": {
        "type": "Point",
        "coordinates": [
          -554061.6622846295,
          -1128956.266623414
        ]
      },
      "properties": {
        "id": 848,
        "dataset_size": 1000,
        "x": -554061.6622846295,
        "y": -1128956.266623414
      }
    },
    {
      "type": "Feature",
      "geometry": {
        "type": "Point",
        "coordinates": [
          -512987.85295846534,
          -1118845.5376810594
        ]
      },
      "properties": {
        "id": 849,
        "dataset_size": 1000,
        "x": -512987.85295846534,
        "y": -1118845.5376810594
      }
    },
    {
      "type": "Feature",
      "geometry": {
        "type": "Point",
        "coordinates": [
          -538797.6467439584,
          -1123760.6100932749
        ]
      },
      "properties": {
        "id": 850,
        "dataset_size": 1000,
        "x": -538797.6467439584,
        "y": -1123760.6100932749
      }
    },
    {
      "type": "Feature",
      "geometry": {
        "type": "Point",
        "coordinates": [
          -543924.1438412229,
          -1101445.5026800912
        ]
      },
      "properties": {
        "id": 851,
        "dataset_size": 1000,
        "x": -543924.1438412229,
        "y": -1101445.5026800912
      }
    },
    {
      "type": "Feature",
      "geometry": {
        "type": "Point",
        "coordinates": [
          -528567.9197167158,
          -1114884.135556886
        ]
      },
      "properties": {
        "id": 852,
        "dataset_size": 1000,
        "x": -528567.9197167158,
        "y": -1114884.135556886
      }
    },
    {
      "type": "Feature",
      "geometry": {
        "type": "Point",
        "coordinates": [
          -563834.4744910713,
          -1118363.1560785729
        ]
      },
      "properties": {
        "id": 853,
        "dataset_size": 1000,
        "x": -563834.4744910713,
        "y": -1118363.1560785729
      }
    },
    {
      "type": "Feature",
      "geometry": {
        "type": "Point",
        "coordinates": [
          -548797.32098138,
          -1117461.7819245916
        ]
      },
      "properties": {
        "id": 854,
        "dataset_size": 1000,
        "x": -548797.32098138,
        "y": -1117461.7819245916
      }
    },
    {
      "type": "Feature",
      "geometry": {
        "type": "Point",
        "coordinates": [
          -537450.163211224,
          -1043888.1921660533
        ]
      },
      "properties": {
        "id": 855,
        "dataset_size": 1000,
        "x": -537450.163211224,
        "y": -1043888.1921660533
      }
    },
    {
      "type": "Feature",
      "geometry": {
        "type": "Point",
        "coordinates": [
          -527288.3014533343,
          -1132273.7988115577
        ]
      },
      "properties": {
        "id": 856,
        "dataset_size": 1000,
        "x": -527288.3014533343,
        "y": -1132273.7988115577
      }
    },
    {
      "type": "Feature",
      "geometry": {
        "type": "Point",
        "coordinates": [
          -541085.2815980705,
          -1120565.8249016919
        ]
      },
      "properties": {
        "id": 857,
        "dataset_size": 1000,
        "x": -541085.2815980705,
        "y": -1120565.8249016919
      }
    },
    {
      "type": "Feature",
      "geometry": {
        "type": "Point",
        "coordinates": [
          -549138.2219107515,
          -1067163.1704267564
        ]
      },
      "properties": {
        "id": 858,
        "dataset_size": 1000,
        "x": -549138.2219107515,
        "y": -1067163.1704267564
      }
    },
    {
      "type": "Feature",
      "geometry": {
        "type": "Point",
        "coordinates": [
          -560399.584202882,
          -1132945.9250450796
        ]
      },
      "properties": {
        "id": 859,
        "dataset_size": 1000,
        "x": -560399.584202882,
        "y": -1132945.9250450796
      }
    },
    {
      "type": "Feature",
      "geometry": {
        "type": "Point",
        "coordinates": [
          -577449.0602972386,
          -1074133.6200774668
        ]
      },
      "properties": {
        "id": 860,
        "dataset_size": 1000,
        "x": -577449.0602972386,
        "y": -1074133.6200774668
      }
    },
    {
      "type": "Feature",
      "geometry": {
        "type": "Point",
        "coordinates": [
          -539668.4463802807,
          -1125961.0381095374
        ]
      },
      "properties": {
        "id": 861,
        "dataset_size": 1000,
        "x": -539668.4463802807,
        "y": -1125961.0381095374
      }
    },
    {
      "type": "Feature",
      "geometry": {
        "type": "Point",
        "coordinates": [
          -535534.3865636722,
          -1049280.5213813016
        ]
      },
      "properties": {
        "id": 862,
        "dataset_size": 1000,
        "x": -535534.3865636722,
        "y": -1049280.5213813016
      }
    },
    {
      "type": "Feature",
      "geometry": {
        "type": "Point",
        "coordinates": [
          -568255.9219178999,
          -1131090.2607860647
        ]
      },
      "properties": {
        "id": 863,
        "dataset_size": 1000,
        "x": -568255.9219178999,
        "y": -1131090.2607860647
      }
    },
    {
      "type": "Feature",
      "geometry": {
        "type": "Point",
        "coordinates": [
          -571899.444200622,
          -1098160.0370660876
        ]
      },
      "properties": {
        "id": 864,
        "dataset_size": 1000,
        "x": -571899.444200622,
        "y": -1098160.0370660876
      }
    },
    {
      "type": "Feature",
      "geometry": {
        "type": "Point",
        "coordinates": [
          -571797.995422633,
          -1070087.03786985
        ]
      },
      "properties": {
        "id": 865,
        "dataset_size": 1000,
        "x": -571797.995422633,
        "y": -1070087.03786985
      }
    },
    {
      "type": "Feature",
      "geometry": {
        "type": "Point",
        "coordinates": [
          -567821.106228321,
          -1100733.6097105534
        ]
      },
      "properties": {
        "id": 866,
        "dataset_size": 1000,
        "x": -567821.106228321,
        "y": -1100733.6097105534
      }
    },
    {
      "type": "Feature",
      "geometry": {
        "type": "Point",
        "coordinates": [
          -524856.5275234452,
          -1121244.1877403026
        ]
      },
      "properties": {
        "id": 867,
        "dataset_size": 1000,
        "x": -524856.5275234452,
        "y": -1121244.1877403026
      }
    },
    {
      "type": "Feature",
      "geometry": {
        "type": "Point",
        "coordinates": [
          -563569.171771925,
          -1120768.0819250292
        ]
      },
      "properties": {
        "id": 868,
        "dataset_size": 1000,
        "x": -563569.171771925,
        "y": -1120768.0819250292
      }
    },
    {
      "type": "Feature",
      "geometry": {
        "type": "Point",
        "coordinates": [
          -560198.414611699,
          -1059827.0342946714
        ]
      },
      "properties": {
        "id": 869,
        "dataset_size": 1000,
        "x": -560198.414611699,
        "y": -1059827.0342946714
      }
    },
    {
      "type": "Feature",
      "geometry": {
        "type": "Point",
        "coordinates": [
          -552738.3056270768,
          -1084781.0285240614
        ]
      },
      "properties": {
        "id": 870,
        "dataset_size": 1000,
        "x": -552738.3056270768,
        "y": -1084781.0285240614
      }
    },
    {
      "type": "Feature",
      "geometry": {
        "type": "Point",
        "coordinates": [
          -541059.1337496521,
          -1141936.8331696198
        ]
      },
      "properties": {
        "id": 871,
        "dataset_size": 1000,
        "x": -541059.1337496521,
        "y": -1141936.8331696198
      }
    },
    {
      "type": "Feature",
      "geometry": {
        "type": "Point",
        "coordinates": [
          -529038.4034799295,
          -1135801.7581941017
        ]
      },
      "properties": {
        "id": 872,
        "dataset_size": 1000,
        "x": -529038.4034799295,
        "y": -1135801.7581941017
      }
    },
    {
      "type": "Feature",
      "geometry": {
        "type": "Point",
        "coordinates": [
          -546163.2422694768,
          -1105613.1581439981
        ]
      },
      "properties": {
        "id": 873,
        "dataset_size": 1000,
        "x": -546163.2422694768,
        "y": -1105613.1581439981
      }
    },
    {
      "type": "Feature",
      "geometry": {
        "type": "Point",
        "coordinates": [
          -579673.3054125329,
          -1132865.3461111886
        ]
      },
      "properties": {
        "id": 874,
        "dataset_size": 1000,
        "x": -579673.3054125329,
        "y": -1132865.3461111886
      }
    },
    {
      "type": "Feature",
      "geometry": {
        "type": "Point",
        "coordinates": [
          -538539.5562324439,
          -1104047.8410445685
        ]
      },
      "properties": {
        "id": 875,
        "dataset_size": 1000,
        "x": -538539.5562324439,
        "y": -1104047.8410445685
      }
    },
    {
      "type": "Feature",
      "geometry": {
        "type": "Point",
        "coordinates": [
          -544403.0954473449,
          -1042552.7346658125
        ]
      },
      "properties": {
        "id": 876,
        "dataset_size": 1000,
        "x": -544403.0954473449,
        "y": -1042552.7346658125
      }
    },
    {
      "type": "Feature",
      "geometry": {
        "type": "Point",
        "coordinates": [
          -550958.0254638483,
          -1070859.7660936746
        ]
      },
      "properties": {
        "id": 877,
        "dataset_size": 1000,
        "x": -550958.0254638483,
        "y": -1070859.7660936746
      }
    },
    {
      "type": "Feature",
      "geometry": {
        "type": "Point",
        "coordinates": [
          -576852.9509001691,
          -1090213.6168542586
        ]
      },
      "properties": {
        "id": 878,
        "dataset_size": 1000,
        "x": -576852.9509001691,
        "y": -1090213.6168542586
      }
    },
    {
      "type": "Feature",
      "geometry": {
        "type": "Point",
        "coordinates": [
          -569135.2009686899,
          -1116006.5686481718
        ]
      },
      "properties": {
        "id": 879,
        "dataset_size": 1000,
        "x": -569135.2009686899,
        "y": -1116006.5686481718
      }
    },
    {
      "type": "Feature",
      "geometry": {
        "type": "Point",
        "coordinates": [
          -538115.919068462,
          -1046239.8385637939
        ]
      },
      "properties": {
        "id": 880,
        "dataset_size": 1000,
        "x": -538115.919068462,
        "y": -1046239.8385637939
      }
    },
    {
      "type": "Feature",
      "geometry": {
        "type": "Point",
        "coordinates": [
          -575453.6533819287,
          -1116493.3993570202
        ]
      },
      "properties": {
        "id": 881,
        "dataset_size": 1000,
        "x": -575453.6533819287,
        "y": -1116493.3993570202
      }
    },
    {
      "type": "Feature",
      "geometry": {
        "type": "Point",
        "coordinates": [
          -560258.5031845645,
          -1124974.6321444316
        ]
      },
      "properties": {
        "id": 882,
        "dataset_size": 1000,
        "x": -560258.5031845645,
        "y": -1124974.6321444316
      }
    },
    {
      "type": "Feature",
      "geometry": {
        "type": "Point",
        "coordinates": [
          -550706.0971536895,
          -1044440.0202822967
        ]
      },
      "properties": {
        "id": 883,
        "dataset_size": 1000,
        "x": -550706.0971536895,
        "y": -1044440.0202822967
      }
    },
    {
      "type": "Feature",
      "geometry": {
        "type": "Point",
        "coordinates": [
          -570688.0719446713,
          -1065868.2208160954
        ]
      },
      "properties": {
        "id": 884,
        "dataset_size": 1000,
        "x": -570688.0719446713,
        "y": -1065868.2208160954
      }
    },
    {
      "type": "Feature",
      "geometry": {
        "type": "Point",
        "coordinates": [
          -543679.058577767,
          -1128284.0470777436
        ]
      },
      "properties": {
        "id": 885,
        "dataset_size": 1000,
        "x": -543679.058577767,
        "y": -1128284.0470777436
      }
    },
    {
      "type": "Feature",
      "geometry": {
        "type": "Point",
        "coordinates": [
          -548601.9835263754,
          -1119165.1599898222
        ]
      },
      "properties": {
        "id": 886,
        "dataset_size": 1000,
        "x": -548601.9835263754,
        "y": -1119165.1599898222
      }
    },
    {
      "type": "Feature",
      "geometry": {
        "type": "Point",
        "coordinates": [
          -511758.68944613496,
          -1124063.8518817304
        ]
      },
      "properties": {
        "id": 887,
        "dataset_size": 1000,
        "x": -511758.68944613496,
        "y": -1124063.8518817304
      }
    },
    {
      "type": "Feature",
      "geometry": {
        "type": "Point",
        "coordinates": [
          -563585.3634673137,
          -1118947.5362652976
        ]
      },
      "properties": {
        "id": 888,
        "dataset_size": 1000,
        "x": -563585.3634673137,
        "y": -1118947.5362652976
      }
    },
    {
      "type": "Feature",
      "geometry": {
        "type": "Point",
        "coordinates": [
          -546338.2470755143,
          -1124493.7739681462
        ]
      },
      "properties": {
        "id": 889,
        "dataset_size": 1000,
        "x": -546338.2470755143,
        "y": -1124493.7739681462
      }
    },
    {
      "type": "Feature",
      "geometry": {
        "type": "Point",
        "coordinates": [
          -528869.7073006846,
          -1136069.5229274356
        ]
      },
      "properties": {
        "id": 890,
        "dataset_size": 1000,
        "x": -528869.7073006846,
        "y": -1136069.5229274356
      }
    },
    {
      "type": "Feature",
      "geometry": {
        "type": "Point",
        "coordinates": [
          -531247.7697686227,
          -1137923.8721250396
        ]
      },
      "properties": {
        "id": 891,
        "dataset_size": 1000,
        "x": -531247.7697686227,
        "y": -1137923.8721250396
      }
    },
    {
      "type": "Feature",
      "geometry": {
        "type": "Point",
        "coordinates": [
          -528756.0317743655,
          -1116695.3247897793
        ]
      },
      "properties": {
        "id": 892,
        "dataset_size": 1000,
        "x": -528756.0317743655,
        "y": -1116695.3247897793
      }
    },
    {
      "type": "Feature",
      "geometry": {
        "type": "Point",
        "coordinates": [
          -552860.8497559067,
          -1100518.5395197337
        ]
      },
      "properties": {
        "id": 893,
        "dataset_size": 1000,
        "x": -552860.8497559067,
        "y": -1100518.5395197337
      }
    },
    {
      "type": "Feature",
      "geometry": {
        "type": "Point",
        "coordinates": [
          -534006.1173711414,
          -1135235.0503456753
        ]
      },
      "properties": {
        "id": 894,
        "dataset_size": 1000,
        "x": -534006.1173711414,
        "y": -1135235.0503456753
      }
    },
    {
      "type": "Feature",
      "geometry": {
        "type": "Point",
        "coordinates": [
          -538381.701140361,
          -1135734.8848066851
        ]
      },
      "properties": {
        "id": 895,
        "dataset_size": 1000,
        "x": -538381.701140361,
        "y": -1135734.8848066851
      }
    },
    {
      "type": "Feature",
      "geometry": {
        "type": "Point",
        "coordinates": [
          -519712.45793403476,
          -1127930.96004607
        ]
      },
      "properties": {
        "id": 896,
        "dataset_size": 1000,
        "x": -519712.45793403476,
        "y": -1127930.96004607
      }
    },
    {
      "type": "Feature",
      "geometry": {
        "type": "Point",
        "coordinates": [
          -535825.120766244,
          -1055960.9752465186
        ]
      },
      "properties": {
        "id": 897,
        "dataset_size": 1000,
        "x": -535825.120766244,
        "y": -1055960.9752465186
      }
    },
    {
      "type": "Feature",
      "geometry": {
        "type": "Point",
        "coordinates": [
          -577299.2460219858,
          -1092012.3245148985
        ]
      },
      "properties": {
        "id": 898,
        "dataset_size": 1000,
        "x": -577299.2460219858,
        "y": -1092012.3245148985
      }
    },
    {
      "type": "Feature",
      "geometry": {
        "type": "Point",
        "coordinates": [
          -561240.9719494897,
          -1076151.4264687118
        ]
      },
      "properties": {
        "id": 899,
        "dataset_size": 1000,
        "x": -561240.9719494897,
        "y": -1076151.4264687118
      }
    },
    {
      "type": "Feature",
      "geometry": {
        "type": "Point",
        "coordinates": [
          -546572.7648178623,
          -1036901.0058922672
        ]
      },
      "properties": {
        "id": 900,
        "dataset_size": 1000,
        "x": -546572.7648178623,
        "y": -1036901.0058922672
      }
    },
    {
      "type": "Feature",
      "geometry": {
        "type": "Point",
        "coordinates": [
          -528153.7905473066,
          -1111440.9236080018
        ]
      },
      "properties": {
        "id": 901,
        "dataset_size": 1000,
        "x": -528153.7905473066,
        "y": -1111440.9236080018
      }
    },
    {
      "type": "Feature",
      "geometry": {
        "type": "Point",
        "coordinates": [
          -568085.9603128496,
          -1096753.648124955
        ]
      },
      "properties": {
        "id": 902,
        "dataset_size": 1000,
        "x": -568085.9603128496,
        "y": -1096753.648124955
      }
    },
    {
      "type": "Feature",
      "geometry": {
        "type": "Point",
        "coordinates": [
          -538302.7195642799,
          -1116865.503981395
        ]
      },
      "properties": {
        "id": 903,
        "dataset_size": 1000,
        "x": -538302.7195642799,
        "y": -1116865.503981395
      }
    },
    {
      "type": "Feature",
      "geometry": {
        "type": "Point",
        "coordinates": [
          -551652.3619422978,
          -1118292.8523168913
        ]
      },
      "properties": {
        "id": 904,
        "dataset_size": 1000,
        "x": -551652.3619422978,
        "y": -1118292.8523168913
      }
    },
    {
      "type": "Feature",
      "geometry": {
        "type": "Point",
        "coordinates": [
          -557029.3723782138,
          -1082640.3179379536
        ]
      },
      "properties": {
        "id": 905,
        "dataset_size": 1000,
        "x": -557029.3723782138,
        "y": -1082640.3179379536
      }
    },
    {
      "type": "Feature",
      "geometry": {
        "type": "Point",
        "coordinates": [
          -537996.764471778,
          -1093300.6604286353
        ]
      },
      "properties": {
        "id": 906,
        "dataset_size": 1000,
        "x": -537996.764471778,
        "y": -1093300.6604286353
      }
    },
    {
      "type": "Feature",
      "geometry": {
        "type": "Point",
        "coordinates": [
          -519905.2223798217,
          -1122970.9421806827
        ]
      },
      "properties": {
        "id": 907,
        "dataset_size": 1000,
        "x": -519905.2223798217,
        "y": -1122970.9421806827
      }
    },
    {
      "type": "Feature",
      "geometry": {
        "type": "Point",
        "coordinates": [
          -574315.6932807638,
          -1083200.984925554
        ]
      },
      "properties": {
        "id": 908,
        "dataset_size": 1000,
        "x": -574315.6932807638,
        "y": -1083200.984925554
      }
    },
    {
      "type": "Feature",
      "geometry": {
        "type": "Point",
        "coordinates": [
          -580436.9606407433,
          -1132407.8203969204
        ]
      },
      "properties": {
        "id": 909,
        "dataset_size": 1000,
        "x": -580436.9606407433,
        "y": -1132407.8203969204
      }
    },
    {
      "type": "Feature",
      "geometry": {
        "type": "Point",
        "coordinates": [
          -574043.7613410528,
          -1073724.1493128785
        ]
      },
      "properties": {
        "id": 910,
        "dataset_size": 1000,
        "x": -574043.7613410528,
        "y": -1073724.1493128785
      }
    },
    {
      "type": "Feature",
      "geometry": {
        "type": "Point",
        "coordinates": [
          -542578.9373249307,
          -1103666.8843806102
        ]
      },
      "properties": {
        "id": 911,
        "dataset_size": 1000,
        "x": -542578.9373249307,
        "y": -1103666.8843806102
      }
    },
    {
      "type": "Feature",
      "geometry": {
        "type": "Point",
        "coordinates": [
          -567060.4160277623,
          -1136267.8597280306
        ]
      },
      "properties": {
        "id": 912,
        "dataset_size": 1000,
        "x": -567060.4160277623,
        "y": -1136267.8597280306
      }
    },
    {
      "type": "Feature",
      "geometry": {
        "type": "Point",
        "coordinates": [
          -549304.8434850972,
          -1045502.9070347599
        ]
      },
      "properties": {
        "id": 913,
        "dataset_size": 1000,
        "x": -549304.8434850972,
        "y": -1045502.9070347599
      }
    },
    {
      "type": "Feature",
      "geometry": {
        "type": "Point",
        "coordinates": [
          -554291.8940538556,
          -1031702.9233168275
        ]
      },
      "properties": {
        "id": 914,
        "dataset_size": 1000,
        "x": -554291.8940538556,
        "y": -1031702.9233168275
      }
    },
    {
      "type": "Feature",
      "geometry": {
        "type": "Point",
        "coordinates": [
          -572959.2267822733,
          -1115691.169209599
        ]
      },
      "properties": {
        "id": 915,
        "dataset_size": 1000,
        "x": -572959.2267822733,
        "y": -1115691.169209599
      }
    },
    {
      "type": "Feature",
      "geometry": {
        "type": "Point",
        "coordinates": [
          -506831.2245098162,
          -1122924.2172524207
        ]
      },
      "properties": {
        "id": 916,
        "dataset_size": 1000,
        "x": -506831.2245098162,
        "y": -1122924.2172524207
      }
    },
    {
      "type": "Feature",
      "geometry": {
        "type": "Point",
        "coordinates": [
          -571014.2516220087,
          -1094718.782720648
        ]
      },
      "properties": {
        "id": 917,
        "dataset_size": 1000,
        "x": -571014.2516220087,
        "y": -1094718.782720648
      }
    },
    {
      "type": "Feature",
      "geometry": {
        "type": "Point",
        "coordinates": [
          -579675.805790728,
          -1090310.2149728495
        ]
      },
      "properties": {
        "id": 918,
        "dataset_size": 1000,
        "x": -579675.805790728,
        "y": -1090310.2149728495
      }
    },
    {
      "type": "Feature",
      "geometry": {
        "type": "Point",
        "coordinates": [
          -543013.4406610299,
          -1108097.591446222
        ]
      },
      "properties": {
        "id": 919,
        "dataset_size": 1000,
        "x": -543013.4406610299,
        "y": -1108097.591446222
      }
    },
    {
      "type": "Feature",
      "geometry": {
        "type": "Point",
        "coordinates": [
          -534327.071980457,
          -1106029.3010620326
        ]
      },
      "properties": {
        "id": 920,
        "dataset_size": 1000,
        "x": -534327.071980457,
        "y": -1106029.3010620326
      }
    },
    {
      "type": "Feature",
      "geometry": {
        "type": "Point",
        "coordinates": [
          -529905.9412726511,
          -1122875.542612593
        ]
      },
      "properties": {
        "id": 921,
        "dataset_size": 1000,
        "x": -529905.9412726511,
        "y": -1122875.542612593
      }
    },
    {
      "type": "Feature",
      "geometry": {
        "type": "Point",
        "coordinates": [
          -540838.1802980676,
          -1139206.9938116712
        ]
      },
      "properties": {
        "id": 922,
        "dataset_size": 1000,
        "x": -540838.1802980676,
        "y": -1139206.9938116712
      }
    },
    {
      "type": "Feature",
      "geometry": {
        "type": "Point",
        "coordinates": [
          -540962.0758238632,
          -1094178.2878192272
        ]
      },
      "properties": {
        "id": 923,
        "dataset_size": 1000,
        "x": -540962.0758238632,
        "y": -1094178.2878192272
      }
    },
    {
      "type": "Feature",
      "geometry": {
        "type": "Point",
        "coordinates": [
          -553485.8105331298,
          -1037066.9063929406
        ]
      },
      "properties": {
        "id": 924,
        "dataset_size": 1000,
        "x": -553485.8105331298,
        "y": -1037066.9063929406
      }
    },
    {
      "type": "Feature",
      "geometry": {
        "type": "Point",
        "coordinates": [
          -547506.9029988532,
          -1097024.22112911
        ]
      },
      "properties": {
        "id": 925,
        "dataset_size": 1000,
        "x": -547506.9029988532,
        "y": -1097024.22112911
      }
    },
    {
      "type": "Feature",
      "geometry": {
        "type": "Point",
        "coordinates": [
          -550839.4676405487,
          -1074255.3956927764
        ]
      },
      "properties": {
        "id": 926,
        "dataset_size": 1000,
        "x": -550839.4676405487,
        "y": -1074255.3956927764
      }
    },
    {
      "type": "Feature",
      "geometry": {
        "type": "Point",
        "coordinates": [
          -534940.9994417785,
          -1121036.9642241264
        ]
      },
      "properties": {
        "id": 927,
        "dataset_size": 1000,
        "x": -534940.9994417785,
        "y": -1121036.9642241264
      }
    },
    {
      "type": "Feature",
      "geometry": {
        "type": "Point",
        "coordinates": [
          -533635.0409928057,
          -1054750.0708532822
        ]
      },
      "properties": {
        "id": 928,
        "dataset_size": 1000,
        "x": -533635.0409928057,
        "y": -1054750.0708532822
      }
    },
    {
      "type": "Feature",
      "geometry": {
        "type": "Point",
        "coordinates": [
          -518263.7735574299,
          -1119282.183484405
        ]
      },
      "properties": {
        "id": 929,
        "dataset_size": 1000,
        "x": -518263.7735574299,
        "y": -1119282.183484405
      }
    },
    {
      "type": "Feature",
      "geometry": {
        "type": "Point",
        "coordinates": [
          -559460.423206922,
          -1105133.5060765848
        ]
      },
      "properties": {
        "id": 930,
        "dataset_size": 1000,
        "x": -559460.423206922,
        "y": -1105133.5060765848
      }
    },
    {
      "type": "Feature",
      "geometry": {
        "type": "Point",
        "coordinates": [
          -558749.0391873989,
          -1028574.2459952935
        ]
      },
      "properties": {
        "id": 931,
        "dataset_size": 1000,
        "x": -558749.0391873989,
        "y": -1028574.2459952935
      }
    },
    {
      "type": "Feature",
      "geometry": {
        "type": "Point",
        "coordinates": [
          -561773.6643450707,
          -1116485.4926869958
        ]
      },
      "properties": {
        "id": 932,
        "dataset_size": 1000,
        "x": -561773.6643450707,
        "y": -1116485.4926869958
      }
    },
    {
      "type": "Feature",
      "geometry": {
        "type": "Point",
        "coordinates": [
          -535386.762934506,
          -1109047.9272050401
        ]
      },
      "properties": {
        "id": 933,
        "dataset_size": 1000,
        "x": -535386.762934506,
        "y": -1109047.9272050401
      }
    },
    {
      "type": "Feature",
      "geometry": {
        "type": "Point",
        "coordinates": [
          -567983.3309248955,
          -1092005.5122710653
        ]
      },
      "properties": {
        "id": 934,
        "dataset_size": 1000,
        "x": -567983.3309248955,
        "y": -1092005.5122710653
      }
    },
    {
      "type": "Feature",
      "geometry": {
        "type": "Point",
        "coordinates": [
          -571207.6582563365,
          -1078697.475429321
        ]
      },
      "properties": {
        "id": 935,
        "dataset_size": 1000,
        "x": -571207.6582563365,
        "y": -1078697.475429321
      }
    },
    {
      "type": "Feature",
      "geometry": {
        "type": "Point",
        "coordinates": [
          -538751.6909550495,
          -1111270.9502735222
        ]
      },
      "properties": {
        "id": 936,
        "dataset_size": 1000,
        "x": -538751.6909550495,
        "y": -1111270.9502735222
      }
    },
    {
      "type": "Feature",
      "geometry": {
        "type": "Point",
        "coordinates": [
          -544202.4712168019,
          -1130491.0473118285
        ]
      },
      "properties": {
        "id": 937,
        "dataset_size": 1000,
        "x": -544202.4712168019,
        "y": -1130491.0473118285
      }
    },
    {
      "type": "Feature",
      "geometry": {
        "type": "Point",
        "coordinates": [
          -553351.3930534668,
          -1137198.6091921506
        ]
      },
      "properties": {
        "id": 938,
        "dataset_size": 1000,
        "x": -553351.3930534668,
        "y": -1137198.6091921506
      }
    },
    {
      "type": "Feature",
      "geometry": {
        "type": "Point",
        "coordinates": [
          -549371.5741815607,
          -1119009.8127430046
        ]
      },
      "properties": {
        "id": 939,
        "dataset_size": 1000,
        "x": -549371.5741815607,
        "y": -1119009.8127430046
      }
    },
    {
      "type": "Feature",
      "geometry": {
        "type": "Point",
        "coordinates": [
          -515350.81365476345,
          -1128969.5877608948
        ]
      },
      "properties": {
        "id": 940,
        "dataset_size": 1000,
        "x": -515350.81365476345,
        "y": -1128969.5877608948
      }
    },
    {
      "type": "Feature",
      "geometry": {
        "type": "Point",
        "coordinates": [
          -530654.2051083272,
          -1115129.4165915751
        ]
      },
      "properties": {
        "id": 941,
        "dataset_size": 1000,
        "x": -530654.2051083272,
        "y": -1115129.4165915751
      }
    },
    {
      "type": "Feature",
      "geometry": {
        "type": "Point",
        "coordinates": [
          -522420.4218532739,
          -1139709.74065535
        ]
      },
      "properties": {
        "id": 942,
        "dataset_size": 1000,
        "x": -522420.4218532739,
        "y": -1139709.74065535
      }
    },
    {
      "type": "Feature",
      "geometry": {
        "type": "Point",
        "coordinates": [
          -538386.7938755223,
          -1141974.5267877223
        ]
      },
      "properties": {
        "id": 943,
        "dataset_size": 1000,
        "x": -538386.7938755223,
        "y": -1141974.5267877223
      }
    },
    {
      "type": "Feature",
      "geometry": {
        "type": "Point",
        "coordinates": [
          -565657.3460504679,
          -1141282.687759455
        ]
      },
      "properties": {
        "id": 944,
        "dataset_size": 1000,
        "x": -565657.3460504679,
        "y": -1141282.687759455
      }
    },
    {
      "type": "Feature",
      "geometry": {
        "type": "Point",
        "coordinates": [
          -537330.2895696654,
          -1095995.39335961
        ]
      },
      "properties": {
        "id": 945,
        "dataset_size": 1000,
        "x": -537330.2895696654,
        "y": -1095995.39335961
      }
    },
    {
      "type": "Feature",
      "geometry": {
        "type": "Point",
        "coordinates": [
          -561463.2078129434,
          -1050737.8031281286
        ]
      },
      "properties": {
        "id": 946,
        "dataset_size": 1000,
        "x": -561463.2078129434,
        "y": -1050737.8031281286
      }
    },
    {
      "type": "Feature",
      "geometry": {
        "type": "Point",
        "coordinates": [
          -566230.784171574,
          -1072422.7844601716
        ]
      },
      "properties": {
        "id": 947,
        "dataset_size": 1000,
        "x": -566230.784171574,
        "y": -1072422.7844601716
      }
    },
    {
      "type": "Feature",
      "geometry": {
        "type": "Point",
        "coordinates": [
          -523023.82246452296,
          -1135199.4659835962
        ]
      },
      "properties": {
        "id": 948,
        "dataset_size": 1000,
        "x": -523023.82246452296,
        "y": -1135199.4659835962
      }
    },
    {
      "type": "Feature",
      "geometry": {
        "type": "Point",
        "coordinates": [
          -557407.3166502154,
          -1094401.7416507048
        ]
      },
      "properties": {
        "id": 949,
        "dataset_size": 1000,
        "x": -557407.3166502154,
        "y": -1094401.7416507048
      }
    },
    {
      "type": "Feature",
      "geometry": {
        "type": "Point",
        "coordinates": [
          -529595.7259224876,
          -1053493.3120989867
        ]
      },
      "properties": {
        "id": 950,
        "dataset_size": 1000,
        "x": -529595.7259224876,
        "y": -1053493.3120989867
      }
    },
    {
      "type": "Feature",
      "geometry": {
        "type": "Point",
        "coordinates": [
          -514157.52373526746,
          -1132495.5163607735
        ]
      },
      "properties": {
        "id": 951,
        "dataset_size": 1000,
        "x": -514157.52373526746,
        "y": -1132495.5163607735
      }
    },
    {
      "type": "Feature",
      "geometry": {
        "type": "Point",
        "coordinates": [
          -541219.0595121804,
          -1054724.0071399144
        ]
      },
      "properties": {
        "id": 952,
        "dataset_size": 1000,
        "x": -541219.0595121804,
        "y": -1054724.0071399144
      }
    },
    {
      "type": "Feature",
      "geometry": {
        "type": "Point",
        "coordinates": [
          -550489.8496445369,
          -1135468.2329003462
        ]
      },
      "properties": {
        "id": 953,
        "dataset_size": 1000,
        "x": -550489.8496445369,
        "y": -1135468.2329003462
      }
    },
    {
      "type": "Feature",
      "geometry": {
        "type": "Point",
        "coordinates": [
          -566118.1615560707,
          -1126920.1905695132
        ]
      },
      "properties": {
        "id": 954,
        "dataset_size": 1000,
        "x": -566118.1615560707,
        "y": -1126920.1905695132
      }
    },
    {
      "type": "Feature",
      "geometry": {
        "type": "Point",
        "coordinates": [
          -509727.7147633594,
          -1119630.4511855347
        ]
      },
      "properties": {
        "id": 955,
        "dataset_size": 1000,
        "x": -509727.7147633594,
        "y": -1119630.4511855347
      }
    },
    {
      "type": "Feature",
      "geometry": {
        "type": "Point",
        "coordinates": [
          -574168.2456059156,
          -1090205.8377302417
        ]
      },
      "properties": {
        "id": 956,
        "dataset_size": 1000,
        "x": -574168.2456059156,
        "y": -1090205.8377302417
      }
    },
    {
      "type": "Feature",
      "geometry": {
        "type": "Point",
        "coordinates": [
          -528523.2633630964,
          -1118063.5477890768
        ]
      },
      "properties": {
        "id": 957,
        "dataset_size": 1000,
        "x": -528523.2633630964,
        "y": -1118063.5477890768
      }
    },
    {
      "type": "Feature",
      "geometry": {
        "type": "Point",
        "coordinates": [
          -561067.8196672512,
          -1107915.9352646933
        ]
      },
      "properties": {
        "id": 958,
        "dataset_size": 1000,
        "x": -561067.8196672512,
        "y": -1107915.9352646933
      }
    },
    {
      "type": "Feature",
      "geometry": {
        "type": "Point",
        "coordinates": [
          -516748.7613598306,
          -1110995.871939297
        ]
      },
      "properties": {
        "id": 959,
        "dataset_size": 1000,
        "x": -516748.7613598306,
        "y": -1110995.871939297
      }
    },
    {
      "type": "Feature",
      "geometry": {
        "type": "Point",
        "coordinates": [
          -558908.4066135412,
          -1123960.2034343772
        ]
      },
      "properties": {
        "id": 960,
        "dataset_size": 1000,
        "x": -558908.4066135412,
        "y": -1123960.2034343772
      }
    },
    {
      "type": "Feature",
      "geometry": {
        "type": "Point",
        "coordinates": [
          -558277.0981145315,
          -1114013.6789701665
        ]
      },
      "properties": {
        "id": 961,
        "dataset_size": 1000,
        "x": -558277.0981145315,
        "y": -1114013.6789701665
      }
    },
    {
      "type": "Feature",
      "geometry": {
        "type": "Point",
        "coordinates": [
          -548356.9506311148,
          -1144418.1995678484
        ]
      },
      "properties": {
        "id": 962,
        "dataset_size": 1000,
        "x": -548356.9506311148,
        "y": -1144418.1995678484
      }
    },
    {
      "type": "Feature",
      "geometry": {
        "type": "Point",
        "coordinates": [
          -572683.987084406,
          -1061936.8753334591
        ]
      },
      "properties": {
        "id": 963,
        "dataset_size": 1000,
        "x": -572683.987084406,
        "y": -1061936.8753334591
      }
    },
    {
      "type": "Feature",
      "geometry": {
        "type": "Point",
        "coordinates": [
          -565955.6312412671,
          -1052454.263822311
        ]
      },
      "properties": {
        "id": 964,
        "dataset_size": 1000,
        "x": -565955.6312412671,
        "y": -1052454.263822311
      }
    },
    {
      "type": "Feature",
      "geometry": {
        "type": "Point",
        "coordinates": [
          -554191.2462086867,
          -1062340.8701842746
        ]
      },
      "properties": {
        "id": 965,
        "dataset_size": 1000,
        "x": -554191.2462086867,
        "y": -1062340.8701842746
      }
    },
    {
      "type": "Feature",
      "geometry": {
        "type": "Point",
        "coordinates": [
          -539468.9190697693,
          -1039614.35100016
        ]
      },
      "properties": {
        "id": 966,
        "dataset_size": 1000,
        "x": -539468.9190697693,
        "y": -1039614.35100016
      }
    },
    {
      "type": "Feature",
      "geometry": {
        "type": "Point",
        "coordinates": [
          -576392.2651533961,
          -1112111.7234837685
        ]
      },
      "properties": {
        "id": 967,
        "dataset_size": 1000,
        "x": -576392.2651533961,
        "y": -1112111.7234837685
      }
    },
    {
      "type": "Feature",
      "geometry": {
        "type": "Point",
        "coordinates": [
          -544575.1255403715,
          -1053127.7012294242
        ]
      },
      "properties": {
        "id": 968,
        "dataset_size": 1000,
        "x": -544575.1255403715,
        "y": -1053127.7012294242
      }
    },
    {
      "type": "Feature",
      "geometry": {
        "type": "Point",
        "coordinates": [
          -576661.1605055991,
          -1139338.2279886343
        ]
      },
      "properties": {
        "id": 969,
        "dataset_size": 1000,
        "x": -576661.1605055991,
        "y": -1139338.2279886343
      }
    },
    {
      "type": "Feature",
      "geometry": {
        "type": "Point",
        "coordinates": [
          -572965.5912321844,
          -1095557.4662740675
        ]
      },
      "properties": {
        "id": 970,
        "dataset_size": 1000,
        "x": -572965.5912321844,
        "y": -1095557.4662740675
      }
    },
    {
      "type": "Feature",
      "geometry": {
        "type": "Point",
        "coordinates": [
          -556583.2735602312,
          -1124910.765264901
        ]
      },
      "properties": {
        "id": 971,
        "dataset_size": 1000,
        "x": -556583.2735602312,
        "y": -1124910.765264901
      }
    },
    {
      "type": "Feature",
      "geometry": {
        "type": "Point",
        "coordinates": [
          -551004.967119962,
          -1047523.0353725068
        ]
      },
      "properties": {
        "id": 972,
        "dataset_size": 1000,
        "x": -551004.967119962,
        "y": -1047523.0353725068
      }
    },
    {
      "type": "Feature",
      "geometry": {
        "type": "Point",
        "coordinates": [
          -567065.190348314,
          -1104678.9046340548
        ]
      },
      "properties": {
        "id": 973,
        "dataset_size": 1000,
        "x": -567065.190348314,
        "y": -1104678.9046340548
      }
    },
    {
      "type": "Feature",
      "geometry": {
        "type": "Point",
        "coordinates": [
          -532515.4267502106,
          -1120778.0058549324
        ]
      },
      "properties": {
        "id": 974,
        "dataset_size": 1000,
        "x": -532515.4267502106,
        "y": -1120778.0058549324
      }
    },
    {
      "type": "Feature",
      "geometry": {
        "type": "Point",
        "coordinates": [
          -504552.7939946088,
          -1132532.8175698263
        ]
      },
      "properties": {
        "id": 975,
        "dataset_size": 1000,
        "x": -504552.7939946088,
        "y": -1132532.8175698263
      }
    },
    {
      "type": "Feature",
      "geometry": {
        "type": "Point",
        "coordinates": [
          -557980.0019933259,
          -1082360.1262755452
        ]
      },
      "properties": {
        "id": 976,
        "dataset_size": 1000,
        "x": -557980.0019933259,
        "y": -1082360.1262755452
      }
    },
    {
      "type": "Feature",
      "geometry": {
        "type": "Point",
        "coordinates": [
          -523624.341467465,
          -1118967.8807380355
        ]
      },
      "properties": {
        "id": 977,
        "dataset_size": 1000,
        "x": -523624.341467465,
        "y": -1118967.8807380355
      }
    },
    {
      "type": "Feature",
      "geometry": {
        "type": "Point",
        "coordinates": [
          -533550.3311454107,
          -1149372.6254540782
        ]
      },
      "properties": {
        "id": 978,
        "dataset_size": 1000,
        "x": -533550.3311454107,
        "y": -1149372.6254540782
      }
    },
    {
      "type": "Feature",
      "geometry": {
        "type": "Point",
        "coordinates": [
          -544927.1602169686,
          -1047782.7170425155
        ]
      },
      "properties": {
        "id": 979,
        "dataset_size": 1000,
        "x": -544927.1602169686,
        "y": -1047782.7170425155
      }
    },
    {
      "type": "Feature",
      "geometry": {
        "type": "Point",
        "coordinates": [
          -573732.6074588823,
          -1106933.2609549977
        ]
      },
      "properties": {
        "id": 980,
        "dataset_size": 1000,
        "x": -573732.6074588823,
        "y": -1106933.2609549977
      }
    },
    {
      "type": "Feature",
      "geometry": {
        "type": "Point",
        "coordinates": [
          -554538.7805947877,
          -1061048.4291074357
        ]
      },
      "properties": {
        "id": 981,
        "dataset_size": 1000,
        "x": -554538.7805947877,
        "y": -1061048.4291074357
      }
    },
    {
      "type": "Feature",
      "geometry": {
        "type": "Point",
        "coordinates": [
          -562426.7696401925,
          -1108488.7504734802
        ]
      },
      "properties": {
        "id": 982,
        "dataset_size": 1000,
        "x": -562426.7696401925,
        "y": -1108488.7504734802
      }
    },
    {
      "type": "Feature",
      "geometry": {
        "type": "Point",
        "coordinates": [
          -550898.261543668,
          -1148814.9452712638
        ]
      },
      "properties": {
        "id": 983,
        "dataset_size": 1000,
        "x": -550898.261543668,
        "y": -1148814.9452712638
      }
    },
    {
      "type": "Feature",
      "geometry": {
        "type": "Point",
        "coordinates": [
          -522163.6935184033,
          -1144833.9066843446
        ]
      },
      "properties": {
        "id": 984,
        "dataset_size": 1000,
        "x": -522163.6935184033,
        "y": -1144833.9066843446
      }
    },
    {
      "type": "Feature",
      "geometry": {
        "type": "Point",
        "coordinates": [
          -527792.574488135,
          -1106624.6100172675
        ]
      },
      "properties": {
        "id": 985,
        "dataset_size": 1000,
        "x": -527792.574488135,
        "y": -1106624.6100172675
      }
    },
    {
      "type": "Feature",
      "geometry": {
        "type": "Point",
        "coordinates": [
          -563311.1337700341,
          -1063638.1111855835
        ]
      },
      "properties": {
        "id": 986,
        "dataset_size": 1000,
        "x": -563311.1337700341,
        "y": -1063638.1111855835
      }
    },
    {
      "type": "Feature",
      "geometry": {
        "type": "Point",
        "coordinates": [
          -557855.5859544429,
          -1125522.7565725576
        ]
      },
      "properties": {
        "id": 987,
        "dataset_size": 1000,
        "x": -557855.5859544429,
        "y": -1125522.7565725576
      }
    },
    {
      "type": "Feature",
      "geometry": {
        "type": "Point",
        "coordinates": [
          -534264.9300350971,
          -1129818.5103915094
        ]
      },
      "properties": {
        "id": 988,
        "dataset_size": 1000,
        "x": -534264.9300350971,
        "y": -1129818.5103915094
      }
    },
    {
      "type": "Feature",
      "geometry": {
        "type": "Point",
        "coordinates": [
          -567650.406296328,
          -1092146.1348754736
        ]
      },
      "properties": {
        "id": 989,
        "dataset_size": 1000,
        "x": -567650.406296328,
        "y": -1092146.1348754736
      }
    },
    {
      "type": "Feature",
      "geometry": {
        "type": "Point",
        "coordinates": [
          -549667.650854228,
          -1111062.9744895226
        ]
      },
      "properties": {
        "id": 990,
        "dataset_size": 1000,
        "x": -549667.650854228,
        "y": -1111062.9744895226
      }
    },
    {
      "type": "Feature",
      "geometry": {
        "type": "Point",
        "coordinates": [
          -568083.5382011838,
          -1112896.89163664
        ]
      },
      "properties": {
        "id": 991,
        "dataset_size": 1000,
        "x": -568083.5382011838,
        "y": -1112896.89163664
      }
    },
    {
      "type": "Feature",
      "geometry": {
        "type": "Point",
        "coordinates": [
          -526325.3160934513,
          -1111369.2307923636
        ]
      },
      "properties": {
        "id": 992,
        "dataset_size": 1000,
        "x": -526325.3160934513,
        "y": -1111369.2307923636
      }
    },
    {
      "type": "Feature",
      "geometry": {
        "type": "Point",
        "coordinates": [
          -569707.4937562654,
          -1064748.0911163234
        ]
      },
      "properties": {
        "id": 993,
        "dataset_size": 1000,
        "x": -569707.4937562654,
        "y": -1064748.0911163234
      }
    },
    {
      "type": "Feature",
      "geometry": {
        "type": "Point",
        "coordinates": [
          -564315.0480280995,
          -1055924.1162484596
        ]
      },
      "properties": {
        "id": 994,
        "dataset_size": 1000,
        "x": -564315.0480280995,
        "y": -1055924.1162484596
      }
    },
    {
      "type": "Feature",
      "geometry": {
        "type": "Point",
        "coordinates": [
          -549949.9345368556,
          -1151628.8366033235
        ]
      },
      "properties": {
        "id": 995,
        "dataset_size": 1000,
        "x": -549949.9345368556,
        "y": -1151628.8366033235
      }
    },
    {
      "type": "Feature",
      "geometry": {
        "type": "Point",
        "coordinates": [
          -569866.4210938588,
          -1094761.17958545
        ]
      },
      "properties": {
        "id": 996,
        "dataset_size": 1000,
        "x": -569866.4210938588,
        "y": -1094761.17958545
      }
    },
    {
      "type": "Feature",
      "geometry": {
        "type": "Point",
        "coordinates": [
          -565312.1699149081,
          -1110217.570993758
        ]
      },
      "properties": {
        "id": 997,
        "dataset_size": 1000,
        "x": -565312.1699149081,
        "y": -1110217.570993758
      }
    },
    {
      "type": "Feature",
      "geometry": {
        "type": "Point",
        "coordinates": [
          -554926.4886970449,
          -1065727.2644842872
        ]
      },
      "properties": {
        "id": 998,
        "dataset_size": 1000,
        "x": -554926.4886970449,
        "y": -1065727.2644842872
      }
    },
    {
      "type": "Feature",
      "geometry": {
        "type": "Point",
        "coordinates": [
          -554613.8778561811,
          -1075540.000489671
        ]
      },
      "properties": {
        "id": 999,
        "dataset_size": 1000,
        "x": -554613.8778561811,
        "y": -1075540.000489671
      }
    },
    {
      "type": "Feature",
      "geometry": {
        "type": "Point",
        "coordinates": [
          -549821.9784550181,
          -1058140.728277852
        ]
      },
      "properties": {
        "id": 1000,
        "dataset_size": 1000,
        "x": -549821.9784550181,
        "y": -1058140.728277852
      }
    }
  ]
}
